,Tweets,Subjectividad,Polaridad,Analisis
0,: Gracias por este premio Nacional de Econom√≠a Circular 2021 ( entregado por Fundaci√≥n Recyclapo‚Ä¶,0.0,0.0,Neutral
1,": Ciudad Solar es uno de los ejes de Nuestro Programa Ambiental y de Cambio Clim√°tico.

As√≠, miramos hacia el futuro: nos a‚Ä¶",0.0,0.0,Neutral
2,": Ciudad Solar es uno de los ejes de Nuestro Programa Ambiental y de Cambio Clim√°tico.

As√≠, miramos hacia el futuro: nos a‚Ä¶",0.0,0.0,Neutral
3,"_Villeda: Los costos de la energ√≠a solar fotovoltaica y la energ√≠a e√≥lica han ca√≠do, la nueva capacidad renovable no solo es cada v‚Ä¶",0.0,0.0,Neutral
4,": Ciudad Solar es uno de los ejes de Nuestro Programa Ambiental y de Cambio Clim√°tico.

As√≠, miramos hacia el futuro: nos a‚Ä¶",0.0,0.0,Neutral
5,: ‚ÄúAl calor de las ayudas millonarias de la UE se proyectan parques e√≥licos e instalaciones de energ√≠a solar sin planifi‚Ä¶,0.0,0.0,Neutral
6,": Ciudad Solar es uno de los ejes de Nuestro Programa Ambiental y de Cambio Clim√°tico.

As√≠, miramos hacia el futuro: nos a‚Ä¶",0.0,0.0,Neutral
7,": Ciudad Solar es uno de los ejes de Nuestro Programa Ambiental y de Cambio Clim√°tico.

As√≠, miramos hacia el futuro: nos a‚Ä¶",0.0,0.0,Neutral
8,": ""La energ√≠a solar permite que se produzcan ciertas reacciones qu√≠micas en el organismo que permiten el crecimiento y de‚Ä¶",0.0,0.0,Neutral
9,": Ciudad Solar es uno de los ejes de Nuestro Programa Ambiental y de Cambio Clim√°tico.

As√≠, miramos hacia el futuro: nos a‚Ä¶",0.0,0.0,Neutral
10,: Gracias por este premio Nacional de Econom√≠a Circular 2021 ( entregado por Fundaci√≥n Recyclapo‚Ä¶,0.0,0.0,Neutral
11,"Nos llenamos la boca con hidr√≥geno verde, energ√≠a e√≥lica y solar. Pero el , de , sigue decidiendo, a puerta cerrada, en favor de los empresarios.",0.0,0.0,Neutral
12,: ‚ÄúAl calor de las ayudas millonarias de la UE se proyectan parques e√≥licos e instalaciones de energ√≠a solar sin planifi‚Ä¶,0.0,0.0,Neutral
13,":   Jeg, Espero que sepas que las e√≥licas y solar tienen un rendimiento nada constante, por eso se necesi‚Ä¶",0.0,0.0,Neutral
14,": Ciudad Solar es uno de los ejes de Nuestro Programa Ambiental y de Cambio Clim√°tico.

As√≠, miramos hacia el futuro: nos a‚Ä¶",0.0,0.0,Neutral
15,": Ciudad Solar es uno de los ejes de Nuestro Programa Ambiental y de Cambio Clim√°tico.

As√≠, miramos hacia el futuro: nos a‚Ä¶",0.0,0.0,Neutral
16,: ‚ÄúAl calor de las ayudas millonarias de la UE se proyectan parques e√≥licos e instalaciones de energ√≠a solar sin planifi‚Ä¶,0.0,0.0,Neutral
17,: ‚ÄúAl calor de las ayudas millonarias de la UE se proyectan parques e√≥licos e instalaciones de energ√≠a solar sin planifi‚Ä¶,0.0,0.0,Neutral
18,: ‚ÄúAl calor de las ayudas millonarias de la UE se proyectan parques e√≥licos e instalaciones de energ√≠a solar sin planifi‚Ä¶,0.0,0.0,Neutral
19,": En mi carrera, he contribuido a que nuestro pa√≠s reciba cientos de millones en inversiones y contribuido a que la ener‚Ä¶",0.0,0.0,Neutral
20,"ojal√° Sonora y las Bajas Californias le entren de lleno a la energ√≠a solar 
  _    2  1   ",0.0,0.0,Neutral
21,": Ciudad Solar es uno de los ejes de Nuestro Programa Ambiental y de Cambio Clim√°tico.

As√≠, miramos hacia el futuro: nos a‚Ä¶",0.0,0.0,Neutral
22,: ‚ÄúAl calor de las ayudas millonarias de la UE se proyectan parques e√≥licos e instalaciones de energ√≠a solar sin planifi‚Ä¶,0.0,0.0,Neutral
23,": La ubicaci√≥n geogr√°fica y las condiciones meteorol√≥gicas de M√©xico, lo convierten en uno de los territorios con mayor potencia‚Ä¶",0.0,0.0,Neutral
24,: ‚ÄúAl calor de las ayudas millonarias de la UE se proyectan parques e√≥licos e instalaciones de energ√≠a solar sin planifi‚Ä¶,0.0,0.0,Neutral
25,: ‚ÄúAl calor de las ayudas millonarias de la UE se proyectan parques e√≥licos e instalaciones de energ√≠a solar sin planifi‚Ä¶,0.0,0.0,Neutral
26,": Ciudad Solar es uno de los ejes de Nuestro Programa Ambiental y de Cambio Clim√°tico.

As√≠, miramos hacia el futuro: nos a‚Ä¶",0.0,0.0,Neutral
27,": Ciudad Solar es uno de los ejes de Nuestro Programa Ambiental y de Cambio Clim√°tico.

As√≠, miramos hacia el futuro: nos a‚Ä¶",0.0,0.0,Neutral
28,": Ciudad Solar es uno de los ejes de Nuestro Programa Ambiental y de Cambio Clim√°tico.

As√≠, miramos hacia el futuro: nos a‚Ä¶",0.0,0.0,Neutral
29,M√°s all√° de flujo de energ√≠a el√©ctrica de hora 92% üîã ,0.0,0.0,Neutral
30,": Ciudad Solar es uno de los ejes de Nuestro Programa Ambiental y de Cambio Clim√°tico.

As√≠, miramos hacia el futuro: nos a‚Ä¶",0.0,0.0,Neutral
31,: Esta ciudad australiana ya puede alimentarse al 100% con energ√≠a solar fotovoltaica ü•≥    Energ‚Ä¶,0.0,0.0,Neutral
32,Esta ciudad australiana ya puede alimentarse al 100% con energ√≠a solar fotovoltaica ü•≥    Energy Australia Cleanenergy Climatechange,0.0,0.0,Neutral
33,Formar parte de una comunidad solar trae beneficios importantes como cr√©ditos en tu factura y menor impacto ambiental. Conoce m√°s informaci√≥n en nuestro blog:  ,0.0,0.0,Neutral
34,Este es el mapa de zonas aptas para generar energ√≠a solar y e√≥lica. ,0.0,0.0,Neutral
35,": Ciudad Solar es uno de los ejes de Nuestro Programa Ambiental y de Cambio Clim√°tico.

As√≠, miramos hacia el futuro: nos a‚Ä¶",0.0,0.0,Neutral
36,": Ciudad Solar es uno de los ejes de Nuestro Programa Ambiental y de Cambio Clim√°tico.

As√≠, miramos hacia el futuro: nos a‚Ä¶",0.0,0.0,Neutral
37,": Ciudad Solar es uno de los ejes de Nuestro Programa Ambiental y de Cambio Clim√°tico.

As√≠, miramos hacia el futuro: nos a‚Ä¶",0.0,0.0,Neutral
38,": Ciudad Solar es uno de los ejes de Nuestro Programa Ambiental y de Cambio Clim√°tico.

As√≠, miramos hacia el futuro: nos a‚Ä¶",0.0,0.0,Neutral
39,": ""La energ√≠a solar permite que se produzcan ciertas reacciones qu√≠micas en el organismo que permiten el crecimiento y de‚Ä¶",0.0,0.0,Neutral
40,": Ciudad Solar es uno de los ejes de Nuestro Programa Ambiental y de Cambio Clim√°tico.

As√≠, miramos hacia el futuro: nos a‚Ä¶",0.0,0.0,Neutral
41,üçÅ La primera planta flotante de energ√≠a solar en Holanda... ,0.0,0.0,Neutral
42,": Sigue üî¥ el Panel 2 ""Eficiencia energ√©tica y aprovechamiento de la energ√≠a solar üåû para el calentamiento de agua en el sect‚Ä¶",0.0,0.0,Neutral
43,": Ciudad Solar es uno de los ejes de Nuestro Programa Ambiental y de Cambio Clim√°tico.

As√≠, miramos hacia el futuro: nos a‚Ä¶",0.0,0.0,Neutral
44,: Gracias por este premio Nacional de Econom√≠a Circular 2021 ( entregado por Fundaci√≥n Recyclapo‚Ä¶,0.0,0.0,Neutral
45, Lorde siempre le ha preocupado la energia solar ,0.0,0.0,Neutral
46," Es tambi√©n un gran impulsor de energ√≠a renovable, en sitios como Islandia usa energ√≠a geot√©rmica, en muchos de lugares en USA solar, ya que es m√°s barata que la red, utiliza los excesos en la redes. El tema no se reduce solo a la cifra de consumo.",0.0,0.0,Neutral
47,: Este d√≠a en sesi√≥n de Concejo Municipal recibimos la visita de una empresa que invertir√° en Santa Tecla  $30 millones de‚Ä¶,0.0,0.0,Neutral
48,": Ciudad Solar es uno de los ejes de Nuestro Programa Ambiental y de Cambio Clim√°tico.

As√≠, miramos hacia el futuro: nos a‚Ä¶",0.0,0.0,Neutral
49," Mi super optimista seria: Poca corrupcion, mayor avance en las TI, mejor abastecimiento de productos tecnologicos, uso de la energia solar que puede recibir tanto mexico como chile, mayor madurez y seriedad en debates ideol√≥gicos, crecimiento de startups y empresas tecnologicas",0.6666666666666666,0.3333333333333333,Positivo
50,"_Villeda: Los costos de la energ√≠a solar fotovoltaica y la energ√≠a e√≥lica han ca√≠do, la nueva capacidad renovable no solo es cada v‚Ä¶",0.0,0.0,Neutral
51,"""La energ√≠a solar permite que se produzcan ciertas reacciones qu√≠micas en el organismo que permiten el crecimiento y desarrollo de los animales (incluyendo al ser humano) y de las plantas"", un especial de  _UNAM
 y  ",0.0,0.0,Neutral
52,: Gracias por este premio Nacional de Econom√≠a Circular 2021 ( entregado por Fundaci√≥n Recyclapo‚Ä¶,0.0,0.0,Neutral
53, Energ√≠a solar,0.0,0.0,Neutral
54,": Ciudad Solar es uno de los ejes de Nuestro Programa Ambiental y de Cambio Clim√°tico.

As√≠, miramos hacia el futuro: nos a‚Ä¶",0.0,0.0,Neutral
55,": Ciudad Solar es uno de los ejes de Nuestro Programa Ambiental y de Cambio Clim√°tico.

As√≠, miramos hacia el futuro: nos a‚Ä¶",0.0,0.0,Neutral
56,"86    Depende el contexto est√° en lo cierto supongo se refer√≠a a la miner√≠a con energ√≠a renovable, como geot√©rmica (volcanes) energ√≠a solar (paneles solares) o e√≥lica (del viento)",0.0,0.0,Neutral
57,": ¬°Ya inici√≥!

Panel: Eficiencia energ√©tica y aprovechamiento de la energ√≠a solar para el calentamiento de agua en el sector‚Ä¶",0.0,0.0,Neutral
58,": Ciudad Solar es uno de los ejes de Nuestro Programa Ambiental y de Cambio Clim√°tico.

As√≠, miramos hacia el futuro: nos a‚Ä¶",0.0,0.0,Neutral
59,": Ciudad Solar es uno de los ejes de Nuestro Programa Ambiental y de Cambio Clim√°tico.

As√≠, miramos hacia el futuro: nos a‚Ä¶",0.0,0.0,Neutral
60,": Ciudad Solar es uno de los ejes de Nuestro Programa Ambiental y de Cambio Clim√°tico.

As√≠, miramos hacia el futuro: nos a‚Ä¶",0.0,0.0,Neutral
61,": Ciudad Solar es uno de los ejes de Nuestro Programa Ambiental y de Cambio Clim√°tico.

As√≠, miramos hacia el futuro: nos a‚Ä¶",0.0,0.0,Neutral
62,": Ciudad Solar es uno de los ejes de Nuestro Programa Ambiental y de Cambio Clim√°tico.

As√≠, miramos hacia el futuro: nos a‚Ä¶",0.0,0.0,Neutral
63,": Ciudad Solar es uno de los ejes de Nuestro Programa Ambiental y de Cambio Clim√°tico.

As√≠, miramos hacia el futuro: nos a‚Ä¶",0.0,0.0,Neutral
64,: Gracias por este premio Nacional de Econom√≠a Circular 2021 ( entregado por Fundaci√≥n Recyclapo‚Ä¶,0.0,0.0,Neutral
65,": Ciudad Solar es uno de los ejes de Nuestro Programa Ambiental y de Cambio Clim√°tico.

As√≠, miramos hacia el futuro: nos a‚Ä¶",0.0,0.0,Neutral
66,": Ciudad Solar es uno de los ejes de Nuestro Programa Ambiental y de Cambio Clim√°tico.

As√≠, miramos hacia el futuro: nos a‚Ä¶",0.0,0.0,Neutral
67,": Ciudad Solar es uno de los ejes de Nuestro Programa Ambiental y de Cambio Clim√°tico.

As√≠, miramos hacia el futuro: nos a‚Ä¶",0.0,0.0,Neutral
68,Energ√≠a Solar en CHILE  ,0.0,0.0,Neutral
69,": Ciudad Solar es uno de los ejes de Nuestro Programa Ambiental y de Cambio Clim√°tico.

As√≠, miramos hacia el futuro: nos a‚Ä¶",0.0,0.0,Neutral
70,": Ciudad Solar es uno de los ejes de Nuestro Programa Ambiental y de Cambio Clim√°tico.

As√≠, miramos hacia el futuro: nos a‚Ä¶",0.0,0.0,Neutral
71,": Ciudad Solar es uno de los ejes de Nuestro Programa Ambiental y de Cambio Clim√°tico.

As√≠, miramos hacia el futuro: nos a‚Ä¶",0.0,0.0,Neutral
72,": Ciudad Solar es uno de los ejes de Nuestro Programa Ambiental y de Cambio Clim√°tico.

As√≠, miramos hacia el futuro: nos a‚Ä¶",0.0,0.0,Neutral
73,": Ciudad Solar es uno de los ejes de Nuestro Programa Ambiental y de Cambio Clim√°tico.

As√≠, miramos hacia el futuro: nos a‚Ä¶",0.0,0.0,Neutral
74,"_Villeda: Los costos de la energ√≠a solar fotovoltaica y la energ√≠a e√≥lica han ca√≠do, la nueva capacidad renovable no solo es cada v‚Ä¶",0.0,0.0,Neutral
75,"Hasta fin de Junio precio promocional

 ",0.0,0.0,Neutral
76,": Ciudad Solar es uno de los ejes de Nuestro Programa Ambiental y de Cambio Clim√°tico.

As√≠, miramos hacia el futuro: nos a‚Ä¶",0.0,0.0,Neutral
77,"‚òÄÔ∏èFELIZ VUELTA AL SOL‚òÄÔ∏è a nuestro querido _primera siempre con su buena energ√≠a ‚ú®

¬°Pura buena vibra para este d√≠a de parte de la familia solars√≥nika! ",0.0,0.0,Neutral
78,"El programa Casa Solar desarrollado por el Ministerio de Energ√≠a e implementado por la Agencia de Sostenibilidad Energ√©tica, avanza de buena forma en Chill√°n. M√°s de 70 familias ya tienen factibilidad de instalaci√≥n de paneles fotovoltaicos. ",0.0,0.0,Neutral
79,": En mi carrera, he contribuido a que nuestro pa√≠s reciba cientos de millones en inversiones y contribuido a que la ener‚Ä¶",0.0,0.0,Neutral
80,": Ciudad Solar es uno de los ejes de Nuestro Programa Ambiental y de Cambio Clim√°tico.

As√≠, miramos hacia el futuro: nos a‚Ä¶",0.0,0.0,Neutral
81,"Granja solar flotante en alta mar puede ayudar a reemplazar los combustibles f√≥siles.



granjasolar solar energiasolar energia energiarenovable renovables sostenibilidad Avatarenergia",0.0,0.0,Neutral
82,": Ciudad Solar es uno de los ejes de Nuestro Programa Ambiental y de Cambio Clim√°tico.

As√≠, miramos hacia el futuro: nos a‚Ä¶",0.0,0.0,Neutral
83,": Ciudad Solar es uno de los ejes de Nuestro Programa Ambiental y de Cambio Clim√°tico.

As√≠, miramos hacia el futuro: nos a‚Ä¶",0.0,0.0,Neutral
84,": Sigue üî¥ el Panel 2 ""Eficiencia energ√©tica y aprovechamiento de la energ√≠a solar üåû para el calentamiento de agua en el sect‚Ä¶",0.0,0.0,Neutral
85,"_Villeda: Los costos de la energ√≠a solar fotovoltaica y la energ√≠a e√≥lica han ca√≠do, la nueva capacidad renovable no solo es cada v‚Ä¶",0.0,0.0,Neutral
86,": Sigue üî¥ el Panel 2 ""Eficiencia energ√©tica y aprovechamiento de la energ√≠a solar üåû para el calentamiento de agua en el sect‚Ä¶",0.0,0.0,Neutral
87,": Ciudad Solar es uno de los ejes de Nuestro Programa Ambiental y de Cambio Clim√°tico.

As√≠, miramos hacia el futuro: nos a‚Ä¶",0.0,0.0,Neutral
88,"Sigue üî¥ el Panel 2 ""Eficiencia energ√©tica y aprovechamiento de la energ√≠a solar üåû para el calentamiento de agua en el sector servicios y manufactura""

Hablan sobre financiamiento, barreras, buenas pr√°cticas, mantenimiento, tecnolog√≠as y m√°s!

 ",0.0,0.0,Neutral
89,": Ciudad Solar es uno de los ejes de Nuestro Programa Ambiental y de Cambio Clim√°tico.

As√≠, miramos hacia el futuro: nos a‚Ä¶",0.0,0.0,Neutral
90,"üëâüèº ANSOTEC y 2renovables   una alianza hacia la sostenibilidad de la Industria para potenciar la Energ√≠a Fotovoltaica. 



sostenibilidad energ√≠aRenovable digitalizaci√≥n fotovoltaica solar",0.0,0.0,Neutral
91,": Ciudad Solar es uno de los ejes de Nuestro Programa Ambiental y de Cambio Clim√°tico.

As√≠, miramos hacia el futuro: nos a‚Ä¶",0.0,0.0,Neutral
92,": Ciudad Solar es uno de los ejes de Nuestro Programa Ambiental y de Cambio Clim√°tico.

As√≠, miramos hacia el futuro: nos a‚Ä¶",0.0,0.0,Neutral
93,": Ciudad Solar es uno de los ejes de Nuestro Programa Ambiental y de Cambio Clim√°tico.

As√≠, miramos hacia el futuro: nos a‚Ä¶",0.0,0.0,Neutral
94,": Ciudad Solar es uno de los ejes de Nuestro Programa Ambiental y de Cambio Clim√°tico.

As√≠, miramos hacia el futuro: nos a‚Ä¶",0.0,0.0,Neutral
95,": Ciudad Solar es uno de los ejes de Nuestro Programa Ambiental y de Cambio Clim√°tico.

As√≠, miramos hacia el futuro: nos a‚Ä¶",0.0,0.0,Neutral
96,":   Ya me imagino el resultado de la investigaci√≥n del gobierno a si mismo:

- Fueron los neoliberales
- Fue C‚Ä¶",0.0,0.0,Neutral
97,: Lugares en Adjuntas urbano que gozan de energ√≠a solar. Las ‚≠êÔ∏è rojas marcan peque√±os negocios donde realizamos auditor√≠as‚Ä¶,0.0,0.0,Neutral
98,: Una de las mayores centrales solares de √Åfrica Occidental es de Togo: suministrar√° energ√≠a limpia a casi 160.000 hogar‚Ä¶,0.0,0.0,Neutral
99,: ‚ÄúAl calor de las ayudas millonarias de la UE se proyectan parques e√≥licos e instalaciones de energ√≠a solar sin planifi‚Ä¶,0.0,0.0,Neutral
100,": Ciudad Solar es uno de los ejes de Nuestro Programa Ambiental y de Cambio Clim√°tico.

As√≠, miramos hacia el futuro: nos a‚Ä¶",0.0,0.0,Neutral
101,": Ciudad Solar es uno de los ejes de Nuestro Programa Ambiental y de Cambio Clim√°tico.

As√≠, miramos hacia el futuro: nos a‚Ä¶",0.0,0.0,Neutral
102,": Ciudad Solar es uno de los ejes de Nuestro Programa Ambiental y de Cambio Clim√°tico.

As√≠, miramos hacia el futuro: nos a‚Ä¶",0.0,0.0,Neutral
103,": Ciudad Solar es uno de los ejes de Nuestro Programa Ambiental y de Cambio Clim√°tico.

As√≠, miramos hacia el futuro: nos a‚Ä¶",0.0,0.0,Neutral
104,"El senador santafesino  present√≥ un proyecto para que se incorpore el uso de sistemas de captaci√≥n de energ√≠a solar en las viviendas construidas por la provincia 
 ",0.0,0.0,Neutral
105,": Ciudad Solar es uno de los ejes de Nuestro Programa Ambiental y de Cambio Clim√°tico.

As√≠, miramos hacia el futuro: nos a‚Ä¶",0.0,0.0,Neutral
106,: ‚ÄúAl calor de las ayudas millonarias de la UE se proyectan parques e√≥licos e instalaciones de energ√≠a solar sin planifi‚Ä¶,0.0,0.0,Neutral
107,": Estamos en la fase 1 de la construcci√≥n de la Hoja de Ruta Nexo Mujer y Energ√≠a,  formando mujeres paname√±as en energ√≠a‚Ä¶",0.0,0.0,Neutral
108,": Ciudad Solar es uno de los ejes de Nuestro Programa Ambiental y de Cambio Clim√°tico.

As√≠, miramos hacia el futuro: nos a‚Ä¶",0.0,0.0,Neutral
109,": Ciudad Solar es uno de los ejes de Nuestro Programa Ambiental y de Cambio Clim√°tico.

As√≠, miramos hacia el futuro: nos a‚Ä¶",0.0,0.0,Neutral
110,": Ciudad Solar es uno de los ejes de Nuestro Programa Ambiental y de Cambio Clim√°tico.

As√≠, miramos hacia el futuro: nos a‚Ä¶",0.0,0.0,Neutral
111,": Ciudad Solar es uno de los ejes de Nuestro Programa Ambiental y de Cambio Clim√°tico.

As√≠, miramos hacia el futuro: nos a‚Ä¶",0.0,0.0,Neutral
112,": Ciudad Solar es uno de los ejes de Nuestro Programa Ambiental y de Cambio Clim√°tico.

As√≠, miramos hacia el futuro: nos a‚Ä¶",0.0,0.0,Neutral
113,": En mi carrera, he contribuido a que nuestro pa√≠s reciba cientos de millones en inversiones y contribuido a que la ener‚Ä¶",0.0,0.0,Neutral
114,": Ciudad Solar es uno de los ejes de Nuestro Programa Ambiental y de Cambio Clim√°tico.

As√≠, miramos hacia el futuro: nos a‚Ä¶",0.0,0.0,Neutral
115,": Ciudad Solar es uno de los ejes de Nuestro Programa Ambiental y de Cambio Clim√°tico.

As√≠, miramos hacia el futuro: nos a‚Ä¶",0.0,0.0,Neutral
116,"üìΩÔ∏è Aprende a identificar los stakeholders o grupos de inter√©s en proyectos de energ√≠a solar en este v√≠deo.  üëá  

V√≠deo completo üëâ  

ProjectManagement Renovables ",0.0,0.0,Neutral
117,: Ya comenz√≥ el Panel 2: Eficiencia  energ√©tica  y aprovechamiento de energ√≠a solar para el calentamiento  de agua en el sec‚Ä¶,0.0,0.0,Neutral
118,"üåüü§ö¬°Aparta tu cupo para nuestro nuevo curso ya!üíπüìö

Todo lo que necesitas saber sobre energ√≠a solar en un solo lugar. Matric√∫late para nuestro curso que inicia: Julio 12, 2021.

Celular:+57 323-4730-939
+1 305-244-1162
Web:  ",0.0,0.0,Neutral
119,": Ciudad Solar es uno de los ejes de Nuestro Programa Ambiental y de Cambio Clim√°tico.

As√≠, miramos hacia el futuro: nos a‚Ä¶",0.0,0.0,Neutral
120,": Ciudad Solar es uno de los ejes de Nuestro Programa Ambiental y de Cambio Clim√°tico.

As√≠, miramos hacia el futuro: nos a‚Ä¶",0.0,0.0,Neutral
121,: Gracias por este premio Nacional de Econom√≠a Circular 2021 ( entregado por Fundaci√≥n Recyclapo‚Ä¶,0.0,0.0,Neutral
122,: Lugares en Adjuntas urbano que gozan de energ√≠a solar. Las ‚≠êÔ∏è rojas marcan peque√±os negocios donde realizamos auditor√≠as‚Ä¶,0.0,0.0,Neutral
123,": ¬°Ya inici√≥!

Panel: Eficiencia energ√©tica y aprovechamiento de la energ√≠a solar para el calentamiento de agua en el sector‚Ä¶",0.0,0.0,Neutral
124,": ¬°Ya inici√≥!

Panel: Eficiencia energ√©tica y aprovechamiento de la energ√≠a solar para el calentamiento de agua en el sector‚Ä¶",0.0,0.0,Neutral
125,: Lugares en Adjuntas urbano que gozan de energ√≠a solar. Las ‚≠êÔ∏è rojas marcan peque√±os negocios donde realizamos auditor√≠as‚Ä¶,0.0,0.0,Neutral
126,: Gracias por este premio Nacional de Econom√≠a Circular 2021 ( entregado por Fundaci√≥n Recyclapo‚Ä¶,0.0,0.0,Neutral
127,": Ciudad Solar es uno de los ejes de Nuestro Programa Ambiental y de Cambio Clim√°tico.

As√≠, miramos hacia el futuro: nos a‚Ä¶",0.0,0.0,Neutral
128,: Ya comenz√≥ el Panel 2: Eficiencia  energ√©tica  y aprovechamiento de energ√≠a solar para el calentamiento  de agua en el sec‚Ä¶,0.0,0.0,Neutral
129,": ¬°Ya inici√≥!

Panel: Eficiencia energ√©tica y aprovechamiento de la energ√≠a solar para el calentamiento de agua en el sector‚Ä¶",0.0,0.0,Neutral
130,": Ciudad Solar es uno de los ejes de Nuestro Programa Ambiental y de Cambio Clim√°tico.

As√≠, miramos hacia el futuro: nos a‚Ä¶",0.0,0.0,Neutral
131,": El costo de generar ""energ√≠a limpias"" ha bajado mucho en la √∫ltima d√©cada. Per√∫ tiene gran potencial solar y e√≥lico que se‚Ä¶",0.0,0.0,Neutral
132,": Ciudad Solar es uno de los ejes de Nuestro Programa Ambiental y de Cambio Clim√°tico.

As√≠, miramos hacia el futuro: nos a‚Ä¶",0.0,0.0,Neutral
133,": Ciudad Solar es uno de los ejes de Nuestro Programa Ambiental y de Cambio Clim√°tico.

As√≠, miramos hacia el futuro: nos a‚Ä¶",0.0,0.0,Neutral
134,: Gracias por este premio Nacional de Econom√≠a Circular 2021 ( entregado por Fundaci√≥n Recyclapo‚Ä¶,0.0,0.0,Neutral
135,": Ciudad Solar es uno de los ejes de Nuestro Programa Ambiental y de Cambio Clim√°tico.

As√≠, miramos hacia el futuro: nos a‚Ä¶",0.0,0.0,Neutral
136,": Ciudad Solar es uno de los ejes de Nuestro Programa Ambiental y de Cambio Clim√°tico.

As√≠, miramos hacia el futuro: nos a‚Ä¶",0.0,0.0,Neutral
137,": Ciudad Solar es uno de los ejes de Nuestro Programa Ambiental y de Cambio Clim√°tico.

As√≠, miramos hacia el futuro: nos a‚Ä¶",0.0,0.0,Neutral
138,"_Villeda: Los costos de la energ√≠a solar fotovoltaica y la energ√≠a e√≥lica han ca√≠do, la nueva capacidad renovable no solo es cada v‚Ä¶",0.0,0.0,Neutral
139,"¬°Ya inici√≥!

Panel: Eficiencia energ√©tica y aprovechamiento de la energ√≠a solar para el calentamiento de agua en el sector servicios y manufactura.

En el marco del Foro de Aprovechamiento Sustentable de la Energ√≠a en las MiPyMEs.

S√≠guelo aqu√≠:  ",0.0,0.0,Neutral
140,"TORNADO MAGN√âTICO (2011)
Samuel Planck trabaja para una empresa que almacena energ√≠a solar para que los consumidores puedan utilizarla. De repente, algo falla y el laboratorio se convierte en el centro de‚Ä¶ ",0.0,0.0,Neutral
141,": Ciudad Solar es uno de los ejes de Nuestro Programa Ambiental y de Cambio Clim√°tico.

As√≠, miramos hacia el futuro: nos a‚Ä¶",0.0,0.0,Neutral
142,: Gracias por este premio Nacional de Econom√≠a Circular 2021 ( entregado por Fundaci√≥n Recyclapo‚Ä¶,0.0,0.0,Neutral
143,": Ciudad Solar es uno de los ejes de Nuestro Programa Ambiental y de Cambio Clim√°tico.

As√≠, miramos hacia el futuro: nos a‚Ä¶",0.0,0.0,Neutral
144,": Ciudad Solar es uno de los ejes de Nuestro Programa Ambiental y de Cambio Clim√°tico.

As√≠, miramos hacia el futuro: nos a‚Ä¶",0.0,0.0,Neutral
145,": Ciudad Solar es uno de los ejes de Nuestro Programa Ambiental y de Cambio Clim√°tico.

As√≠, miramos hacia el futuro: nos a‚Ä¶",0.0,0.0,Neutral
146,": Ciudad Solar es uno de los ejes de Nuestro Programa Ambiental y de Cambio Clim√°tico.

As√≠, miramos hacia el futuro: nos a‚Ä¶",0.0,0.0,Neutral
147,"_Villeda: Los costos de la energ√≠a solar fotovoltaica y la energ√≠a e√≥lica han ca√≠do, la nueva capacidad renovable no solo es cada v‚Ä¶",0.0,0.0,Neutral
148,": Ciudad Solar es uno de los ejes de Nuestro Programa Ambiental y de Cambio Clim√°tico.

As√≠, miramos hacia el futuro: nos a‚Ä¶",0.0,0.0,Neutral
149,": Ciudad Solar es uno de los ejes de Nuestro Programa Ambiental y de Cambio Clim√°tico.

As√≠, miramos hacia el futuro: nos a‚Ä¶",0.0,0.0,Neutral
150,": Ciudad Solar es uno de los ejes de Nuestro Programa Ambiental y de Cambio Clim√°tico.

As√≠, miramos hacia el futuro: nos a‚Ä¶",0.0,0.0,Neutral
151,": Ciudad Solar es uno de los ejes de Nuestro Programa Ambiental y de Cambio Clim√°tico.

As√≠, miramos hacia el futuro: nos a‚Ä¶",0.0,0.0,Neutral
152,": Ciudad Solar es uno de los ejes de Nuestro Programa Ambiental y de Cambio Clim√°tico.

As√≠, miramos hacia el futuro: nos a‚Ä¶",0.0,0.0,Neutral
153,": Ciudad Solar es uno de los ejes de Nuestro Programa Ambiental y de Cambio Clim√°tico.

As√≠, miramos hacia el futuro: nos a‚Ä¶",0.0,0.0,Neutral
154,": Ciudad Solar es uno de los ejes de Nuestro Programa Ambiental y de Cambio Clim√°tico.

As√≠, miramos hacia el futuro: nos a‚Ä¶",0.0,0.0,Neutral
155,": Ciudad Solar es uno de los ejes de Nuestro Programa Ambiental y de Cambio Clim√°tico.

As√≠, miramos hacia el futuro: nos a‚Ä¶",0.0,0.0,Neutral
156,": Ciudad Solar es uno de los ejes de Nuestro Programa Ambiental y de Cambio Clim√°tico.

As√≠, miramos hacia el futuro: nos a‚Ä¶",0.0,0.0,Neutral
157,": Ciudad Solar es uno de los ejes de Nuestro Programa Ambiental y de Cambio Clim√°tico.

As√≠, miramos hacia el futuro: nos a‚Ä¶",0.0,0.0,Neutral
158,": ¬°Queremos que Sucre sea modelo de transformaci√≥n energ√©tica! üåÑ

Nuestro prop√≥sito es que el sistema de acueducto de Sampu√©s‚Ä¶",0.0,0.0,Neutral
159,": Ciudad Solar es uno de los ejes de Nuestro Programa Ambiental y de Cambio Clim√°tico.

As√≠, miramos hacia el futuro: nos a‚Ä¶",0.0,0.0,Neutral
160,": Ciudad Solar es uno de los ejes de Nuestro Programa Ambiental y de Cambio Clim√°tico.

As√≠, miramos hacia el futuro: nos a‚Ä¶",0.0,0.0,Neutral
161,": Ciudad Solar es uno de los ejes de Nuestro Programa Ambiental y de Cambio Clim√°tico.

As√≠, miramos hacia el futuro: nos a‚Ä¶",0.0,0.0,Neutral
162,": Ciudad Solar es uno de los ejes de Nuestro Programa Ambiental y de Cambio Clim√°tico.

As√≠, miramos hacia el futuro: nos a‚Ä¶",0.0,0.0,Neutral
163,": Ciudad Solar es uno de los ejes de Nuestro Programa Ambiental y de Cambio Clim√°tico.

As√≠, miramos hacia el futuro: nos a‚Ä¶",0.0,0.0,Neutral
164,": Ciudad Solar es uno de los ejes de Nuestro Programa Ambiental y de Cambio Clim√°tico.

As√≠, miramos hacia el futuro: nos a‚Ä¶",0.0,0.0,Neutral
165,": Ciudad Solar es uno de los ejes de Nuestro Programa Ambiental y de Cambio Clim√°tico.

As√≠, miramos hacia el futuro: nos a‚Ä¶",0.0,0.0,Neutral
166,": Ciudad Solar es uno de los ejes de Nuestro Programa Ambiental y de Cambio Clim√°tico.

As√≠, miramos hacia el futuro: nos a‚Ä¶",0.0,0.0,Neutral
167,": Ciudad Solar es uno de los ejes de Nuestro Programa Ambiental y de Cambio Clim√°tico.

As√≠, miramos hacia el futuro: nos a‚Ä¶",0.0,0.0,Neutral
168,": Ciudad Solar es uno de los ejes de Nuestro Programa Ambiental y de Cambio Clim√°tico.

As√≠, miramos hacia el futuro: nos a‚Ä¶",0.0,0.0,Neutral
169,": Ciudad Solar es uno de los ejes de Nuestro Programa Ambiental y de Cambio Clim√°tico.

As√≠, miramos hacia el futuro: nos a‚Ä¶",0.0,0.0,Neutral
170,": Ciudad Solar es uno de los ejes de Nuestro Programa Ambiental y de Cambio Clim√°tico.

As√≠, miramos hacia el futuro: nos a‚Ä¶",0.0,0.0,Neutral
171,": Ciudad Solar es uno de los ejes de Nuestro Programa Ambiental y de Cambio Clim√°tico.

As√≠, miramos hacia el futuro: nos a‚Ä¶",0.0,0.0,Neutral
172,"Ciudad Solar es uno de los ejes de Nuestro Programa Ambiental y de Cambio Clim√°tico.

As√≠, miramos hacia el futuro: nos acercamos a la autosuficiencia energ√©tica y a la generaci√≥n de energ√≠a renovable.

Miren de qu√© trata:  

CiudadSustentable ",0.0,0.0,Neutral
173," la inversion en energia solar residencial deberia ser incentivada por el gobierno; Quiten impuestos a los implementos necesarios para instalar energia solar en la casas, y asi bajar los precios. Esto nos aseguraria ser sustentables y cambiar la matriz energetica mas rapido",0.0,0.0,Neutral
174,Es posible cultivar alimentos con aire y energ√≠a solar ,0.0,0.0,Neutral
175,": En mi carrera, he contribuido a que nuestro pa√≠s reciba cientos de millones en inversiones y contribuido a que la ener‚Ä¶",0.0,0.0,Neutral
176,: ‚ÄúAl calor de las ayudas millonarias de la UE se proyectan parques e√≥licos e instalaciones de energ√≠a solar sin planifi‚Ä¶,0.0,0.0,Neutral
177,: Gracias por este premio Nacional de Econom√≠a Circular 2021 ( entregado por Fundaci√≥n Recyclapo‚Ä¶,0.0,0.0,Neutral
178,": En mi carrera, he contribuido a que nuestro pa√≠s reciba cientos de millones en inversiones y contribuido a que la ener‚Ä¶",0.0,0.0,Neutral
179,"Ya comenz√≥ el Panel 2: Eficiencia  energ√©tica  y aprovechamiento de energ√≠a solar para el calentamiento  de agua en el sector servicios  y manufactura.

¬°No te lo pierdas!  ",0.0,0.0,Neutral
180,"_Villeda: Los costos de la energ√≠a solar fotovoltaica y la energ√≠a e√≥lica han ca√≠do, la nueva capacidad renovable no solo es cada v‚Ä¶",0.0,0.0,Neutral
181,"En video: As√≠ es la primera central solar de Togo üáπüá¨ y una de las mayores de √Åfrica Occidental. Si deseas m√°s informaci√≥n, vis√≠tanos en:   ",0.25,0.0,Neutral
182,"79518884 1409   2    2 Gracias torero, ya quise hacerlo antes pero la pandemia no me dej√≥ , voy a poner energ√≠a solar con 4 placas tengo suficiente para nevera TV y ordenadores y peque√±a maquinaria el√©ctrica",0.0,0.0,Neutral
183,"¬øConoc√©s las caracter√≠sticas del Energy Box Go?
Port√°til.
Posibilidad de agregar paneles solares para uso con energ√≠a solar. Bater√≠a libre de mantenimiento.
No requiere  hace ruido.
hola.com  üì≤ +549 11 5104-6860.
 ",0.0,0.0,Neutral
184,"_ec: ¬°La energia del futuro es una realidad!

Invierte en energ√≠a solar üí° y ahorra desde hoy ‚úî

¬°Escr√≠benos por DM, comentario‚Ä¶",0.0,0.0,Neutral
185,"_Villeda: Los costos de la energ√≠a solar fotovoltaica y la energ√≠a e√≥lica han ca√≠do, la nueva capacidad renovable no solo es cada v‚Ä¶",0.0,0.0,Neutral
186,"_Villeda: Los costos de la energ√≠a solar fotovoltaica y la energ√≠a e√≥lica han ca√≠do, la nueva capacidad renovable no solo es cada v‚Ä¶",0.0,0.0,Neutral
187,": Mira c√≥mo postular al programa que permite comprar paneles solares a menos precio y con cofinanciamiento estatal ‚úÖ

Ahorra‚Ä¶",0.0,0.0,Neutral
188,Una de las mayores centrales solares de √Åfrica Occidental es de Togo: suministrar√° energ√≠a limpia a casi 160.000 hogares !!! üè°‚ö°  solarenergy engineering renewableenergy Africa ,0.0,0.0,Neutral
189,El aprovechamiento de la energ√≠a solar es hoy una realidad que impulsa el desarrollo econ√≥mico y tecnol√≥gico de nuestro pa√≠s. Contacto: 662 219 22 18 info.com.mx ‚òÄÔ∏è ,0.0,0.0,Neutral
190,": En mi carrera, he contribuido a que nuestro pa√≠s reciba cientos de millones en inversiones y contribuido a que la ener‚Ä¶",0.0,0.0,Neutral
191,Bueno aprovecho para recordarles que ya hay generadores port√°tiles recargables con energ√≠a solar para posibles cortes de suministro luego de fuertes sismos   ,0.0,0.0,Neutral
192,"_Villeda: Los costos de la energ√≠a solar fotovoltaica y la energ√≠a e√≥lica han ca√≠do, la nueva capacidad renovable no solo es cada v‚Ä¶",0.0,0.0,Neutral
193,Sonora tendr√° una empresa estatal para generar energ√≠a solar ,0.0,0.0,Neutral
194,¬øEse zurr√≥n porqu√© tiene el h√°bito de rayar todo? As√≠ da√±√≥ un panel en un parque de energ√≠a solar. ,0.0,0.0,Neutral
195,: Lugares en Adjuntas urbano que gozan de energ√≠a solar. Las ‚≠êÔ∏è rojas marcan peque√±os negocios donde realizamos auditor√≠as‚Ä¶,0.0,0.0,Neutral
196,: Lugares en Adjuntas urbano que gozan de energ√≠a solar. Las ‚≠êÔ∏è rojas marcan peque√±os negocios donde realizamos auditor√≠as‚Ä¶,0.0,0.0,Neutral
197,": En mi carrera, he contribuido a que nuestro pa√≠s reciba cientos de millones en inversiones y contribuido a que la ener‚Ä¶",0.0,0.0,Neutral
198,:  _aguila     Te gusta tergiversar las cosas. Ning√∫n pa‚Ä¶,0.0,0.0,Neutral
199,Un intercambiador de calor como soluci√≥n a la intermitencia de la energ√≠a solar  ,0.0,0.0,Neutral
200,": El costo de generar ""energ√≠a limpias"" ha bajado mucho en la √∫ltima d√©cada. Per√∫ tiene gran potencial solar y e√≥lico que se‚Ä¶",0.0,0.0,Neutral
201,  Jurao que tiene un negocio de energ√≠a solar. Ea como √∫nico...,0.0,0.0,Neutral
202,": La energ√≠a e√≥lica y solar es m√°s barata que el carb√≥n...
En Espa√±a vamos lento en la transici√≥n. El autoconsumo a√∫n es un‚Ä¶",0.0,0.0,Neutral
203,": El costo de generar ""energ√≠a limpias"" ha bajado mucho en la √∫ltima d√©cada. Per√∫ tiene gran potencial solar y e√≥lico que se‚Ä¶",0.0,0.0,Neutral
204,: Gracias por este premio Nacional de Econom√≠a Circular 2021 ( entregado por Fundaci√≥n Recyclapo‚Ä¶,0.0,0.0,Neutral
205,√Åfrica Austral es un lugar ideal para la producci√≥n de energ√≠a solar (parte 2/2) ,1.0,0.9,Positivo
206,"El proceso de convertir la luz solar en energ√≠a utilizable llamado fotos√≠ntesis podr√≠a ser pronto una haza√±a que los humanos puedan imitar para aprovechar la energ√≠a solar y obtener un combustible limpio, almacenable y eficiente.
‚ÑπÔ∏è 
 ",0.0,0.0,Neutral
207,"¬øSer√° p√∫blico? ¬øSe podr√° ver despu√©s? Energ√≠a y recursos naturales van de la mano. Ojo, en Panam√° se encuentra energ√≠a e√≥lica, hidroel√©ctrica, termoel√©ctrica y solar!! ",0.0,0.0,Neutral
208,: Gracias por este premio Nacional de Econom√≠a Circular 2021 ( entregado por Fundaci√≥n Recyclapo‚Ä¶,0.0,0.0,Neutral
209,"¬°La energia del futuro es una realidad!

Invierte en energ√≠a solar üí° y ahorra desde hoy ‚úî

¬°Escr√≠benos por DM, comentario o whatsapp! 

solarpanels luzsolar energ√≠asolar 
familia guayaquil ecuador ",0.0,0.0,Neutral
210,"Energ√≠aE√≥lica| De los ahorros en renovables, dos tercios provendr√°n de la energ√≠a e√≥lica terrestre, seguida de la energ√≠a hidroel√©ctrica y la solar fotovoltaica
",0.0,0.0,Neutral
211,": En mi carrera, he contribuido a que nuestro pa√≠s reciba cientos de millones en inversiones y contribuido a que la ener‚Ä¶",0.0,0.0,Neutral
212,: Lugares en Adjuntas urbano que gozan de energ√≠a solar. Las ‚≠êÔ∏è rojas marcan peque√±os negocios donde realizamos auditor√≠as‚Ä¶,0.0,0.0,Neutral
213,": Estamos en la fase 1 de la construcci√≥n de la Hoja de Ruta Nexo Mujer y Energ√≠a,  formando mujeres paname√±as en energ√≠a‚Ä¶",0.0,0.0,Neutral
214,_Mx: Opini√≥n  dice que el camino hacia transici√≥n energ√©tica a√∫n es largo. Los proyectos de energ√≠a solar fotovo‚Ä¶,0.0,0.0,Neutral
215,"_Villeda: Los costos de la energ√≠a solar fotovoltaica y la energ√≠a e√≥lica han ca√≠do, la nueva capacidad renovable no solo es cada v‚Ä¶",0.0,0.0,Neutral
216,"_cluster: Separte del Workshop  Desaf√≠os de la energ√≠a Solar en el Desierto de Atacama. Este 25 de Junio a las 9:30, Conoce las‚Ä¶",0.0,0.0,Neutral
217,"__SE: S√© parte de CasaSolar ‚òÄÔ∏è para que puedas vivir m√°s sustentable, a trav√©s de la energ√≠a solar que capturan los paneles fot‚Ä¶",0.0,0.0,Neutral
218,: Gracias por este premio Nacional de Econom√≠a Circular 2021 ( entregado por Fundaci√≥n Recyclapo‚Ä¶,0.0,0.0,Neutral
219,"_Villeda: Los costos de la energ√≠a solar fotovoltaica y la energ√≠a e√≥lica han ca√≠do, la nueva capacidad renovable no solo es cada v‚Ä¶",0.0,0.0,Neutral
220,"Amazon contin√∫a su apuesta por la energ√≠a renovable en Espa√±a con la puesta en marcha de su mayor planta solar en el pa√≠s, que estar√° ubicado en Castilla-La Mancha ",0.0,0.0,Neutral
221,": Mira c√≥mo postular al programa que permite comprar paneles solares a menos precio y con cofinanciamiento estatal ‚úÖ

Ahorra‚Ä¶",0.0,0.0,Neutral
222,": El costo de generar ""energ√≠a limpias"" ha bajado mucho en la √∫ltima d√©cada. Per√∫ tiene gran potencial solar y e√≥lico que se‚Ä¶",0.0,0.0,Neutral
223,": El costo de generar ""energ√≠a limpias"" ha bajado mucho en la √∫ltima d√©cada. Per√∫ tiene gran potencial solar y e√≥lico que se‚Ä¶",0.0,0.0,Neutral
224,"Si vives en el Actur de Zaragoza y quieres formar parte de una comunidad de autoconsumo energ√©tico colectivo, ¬°nuestro BarrioSolar es para ti! ‚òÄÔ∏è

Puedes inscribirte en üëâ  

Con  _es  _Foundation y Fundaci√≥nEDP ",0.0,0.0,Neutral
225,": El costo de generar ""energ√≠a limpias"" ha bajado mucho en la √∫ltima d√©cada. Per√∫ tiene gran potencial solar y e√≥lico que se‚Ä¶",0.0,0.0,Neutral
226,: Lugares en Adjuntas urbano que gozan de energ√≠a solar. Las ‚≠êÔ∏è rojas marcan peque√±os negocios donde realizamos auditor√≠as‚Ä¶,0.0,0.0,Neutral
227,"El costo de generar ""energ√≠a limpias"" ha bajado mucho en la √∫ltima d√©cada. Per√∫ tiene gran potencial solar y e√≥lico que se puede sumar a la abundante producci√≥n hidr√°ulica. ",0.0,0.0,Neutral
228,": En mi carrera, he contribuido a que nuestro pa√≠s reciba cientos de millones en inversiones y contribuido a que la ener‚Ä¶",0.0,0.0,Neutral
229,"Si las bater√≠as reducen costo la mitad y en la mitad de tiempo que lo hizo la energ√≠a solar y e√≥lica, ser√° suficiente para decirle audios a motor de combustion en muchos usos. As√≠ de cercas estamos Nunca digas nunca ! ",0.0,0.0,Neutral
230,": En mi carrera, he contribuido a que nuestro pa√≠s reciba cientos de millones en inversiones y contribuido a que la ener‚Ä¶",0.0,0.0,Neutral
231,": Estamos en la fase 1 de la construcci√≥n de la Hoja de Ruta Nexo Mujer y Energ√≠a,  formando mujeres paname√±as en energ√≠a‚Ä¶",0.0,0.0,Neutral
232,: Gracias por este premio Nacional de Econom√≠a Circular 2021 ( entregado por Fundaci√≥n Recyclapo‚Ä¶,0.0,0.0,Neutral
233,"S√© parte de CasaSolar ‚òÄÔ∏è para que puedas vivir m√°s sustentable, a trav√©s de la energ√≠a solar que capturan los paneles fotovoltaicos. Revisa si vives en alguna de las 19 comunas que tienen a√∫n las postulaciones abiertas en  ",0.0,0.0,Neutral
234,": Estamos en la fase 1 de la construcci√≥n de la Hoja de Ruta Nexo Mujer y Energ√≠a,  formando mujeres paname√±as en energ√≠a‚Ä¶",0.0,0.0,Neutral
235,: Gracias por este premio Nacional de Econom√≠a Circular 2021 ( entregado por Fundaci√≥n Recyclapo‚Ä¶,0.0,0.0,Neutral
236,": En mi carrera, he contribuido a que nuestro pa√≠s reciba cientos de millones en inversiones y contribuido a que la ener‚Ä¶",0.0,0.0,Neutral
237,": En mi carrera, he contribuido a que nuestro pa√≠s reciba cientos de millones en inversiones y contribuido a que la ener‚Ä¶",0.0,0.0,Neutral
238,": En mi carrera, he contribuido a que nuestro pa√≠s reciba cientos de millones en inversiones y contribuido a que la ener‚Ä¶",0.0,0.0,Neutral
239,": En mi carrera, he contribuido a que nuestro pa√≠s reciba cientos de millones en inversiones y contribuido a que la ener‚Ä¶",0.0,0.0,Neutral
240,": En mi carrera, he contribuido a que nuestro pa√≠s reciba cientos de millones en inversiones y contribuido a que la ener‚Ä¶",0.0,0.0,Neutral
241,": üö≤ Vecinas y vecinos se sumaron a la iniciativa ""Circuito solar en la bici"" y recorrieron puntos ic√≥nicos en los que God‚Ä¶",0.0,0.0,Neutral
242,": En mi carrera, he contribuido a que nuestro pa√≠s reciba cientos de millones en inversiones y contribuido a que la ener‚Ä¶",0.0,0.0,Neutral
243,": En mi carrera, he contribuido a que nuestro pa√≠s reciba cientos de millones en inversiones y contribuido a que la ener‚Ä¶",0.0,0.0,Neutral
244,": En mi carrera, he contribuido a que nuestro pa√≠s reciba cientos de millones en inversiones y contribuido a que la ener‚Ä¶",0.0,0.0,Neutral
245,"En mi carrera, he contribuido a que nuestro pa√≠s reciba cientos de millones en inversiones y contribuido a que la energ√≠a solar transforme la matriz energ√©tica para siempre.

He aportado para que se generen cientos de empleos dignos.

Es es mi misi√≥n: inversiones y empleos. üá∏üáªüëäüèº",0.0,0.0,Neutral
246,"El parque solar fotovolt√°ico Cepheus en Alca√±iz (Teruel) cuenta con 78.204 paneles solares ocupando un √°rea de 71 hect√°reas LantaniaEnerg√≠a 
 ",0.0,0.0,Neutral
247,"_Villeda: Los costos de la energ√≠a solar fotovoltaica y la energ√≠a e√≥lica han ca√≠do, la nueva capacidad renovable no solo es cada v‚Ä¶",0.0,0.0,Neutral
248,"_Villeda: Los costos de la energ√≠a solar fotovoltaica y la energ√≠a e√≥lica han ca√≠do, la nueva capacidad renovable no solo es cada v‚Ä¶",0.0,0.0,Neutral
249,"_ec: Queremos ofrecerte SIN COSTO un estudio de prefactibilidad de energ√≠a solar para tu empresa ‚úî

PROLUXES, luz solar en tus‚Ä¶",0.0,0.0,Neutral
250,"_Villeda: Los costos de la energ√≠a solar fotovoltaica y la energ√≠a e√≥lica han ca√≠do, la nueva capacidad renovable no solo es cada v‚Ä¶",0.0,0.0,Neutral
251,: Vieron a   destacando ‚≠êÔ∏è nuevamente a nuestro pa√≠s üá®üá± en ERNC?? ‚ÄúChile est√° dando una lucha eficiente y establecie‚Ä¶,0.0,0.0,Neutral
252,"üëâ√önete a la Revoluci√≥nEnerg√©tica y escoge la energ√≠a del futuro. ‚ö° Con energ√≠a solar puedes ahorrar el 100% de costos de tu planilla de electricidad y ayudar a construir un planeta m√°s verde con energ√≠a renovable. üåé

energy energiasolar SolarPower RevolucionVerde Ecuador ",0.0,0.0,Neutral
253,: Gracias por este premio Nacional de Econom√≠a Circular 2021 ( entregado por Fundaci√≥n Recyclapo‚Ä¶,0.0,0.0,Neutral
254,Luz - Fot√≥n - Cicl√≥n ( V√≥rtice giratorio ) : Energ√≠a Libre - Tecnolog√≠a Avanzada : Solar y E√≥licas primero - Bio√©tica - Biosfera - Bioenerg√≠a. Sociedad Humana Desarrollada trueself Bioenergy SimplyToLove EnlightmentEcosystemsIncludingHumanBeings XPNRG Lejosdeaqu√≠ ecocide ,0.0,0.0,Neutral
255,_Mx: Opini√≥n  dice que el camino hacia transici√≥n energ√©tica a√∫n es largo. Los proyectos de energ√≠a solar fotovo‚Ä¶,0.0,0.0,Neutral
256,_Mx: Opini√≥n  dice que el camino hacia transici√≥n energ√©tica a√∫n es largo. Los proyectos de energ√≠a solar fotovo‚Ä¶,0.0,0.0,Neutral
257," Verdad que con los impuestos se limpia la atm√≥sfera. De ac√° a 2040 es mucho tiempo y ser√° muy tarde! No se pueden seguir quemando combustibles fosiles masivamente por 20 a√±os mas teniendo energ√≠a solar, eolica y undimotriz con mas de 4mil km de costas.",0.0,0.0,Neutral
258,"_Villeda: Los costos de la energ√≠a solar fotovoltaica y la energ√≠a e√≥lica han ca√≠do, la nueva capacidad renovable no solo es cada v‚Ä¶",0.0,0.0,Neutral
259,": Mira c√≥mo postular al programa que permite comprar paneles solares a menos precio y con cofinanciamiento estatal ‚úÖ

Ahorra‚Ä¶",0.0,0.0,Neutral
260,"Opini√≥n  dice que el camino hacia transici√≥n energ√©tica a√∫n es largo. Los proyectos de energ√≠a solar fotovoltaica y e√≥licos se encuentran en un 'impasse', pero se asoman otras oportunidades como el hidr√≥geno y las hidroel√©ctricas, entre otros. ",0.0,0.0,Neutral
261,üçÅ La primera planta flotante de energ√≠a solar en Holanda... ,0.0,0.0,Neutral
262,: Gracias por este premio Nacional de Econom√≠a Circular 2021 ( entregado por Fundaci√≥n Recyclapo‚Ä¶,0.0,0.0,Neutral
263,: CasaSolar: Ahorra energ√≠a el√©ctrica y colabora con el medio ambiente ‚òÄÔ∏è‚ö°Ô∏è Programa permite comprar paneles solares a menos‚Ä¶,0.0,0.0,Neutral
264,: ‚ÄúAl calor de las ayudas millonarias de la UE se proyectan parques e√≥licos e instalaciones de energ√≠a solar sin planifi‚Ä¶,0.0,0.0,Neutral
265,"_Villeda: Los costos de la energ√≠a solar fotovoltaica y la energ√≠a e√≥lica han ca√≠do, la nueva capacidad renovable no solo es cada v‚Ä¶",0.0,0.0,Neutral
266,Por qu√© todo lo que dijeron sobre la energ√≠a solar estaba mal  ,0.0,0.0,Neutral
267,": Durango con una envidiable energ√≠a solar y los costos de gas por las nubes. 
¬øEn qu√© piensan cuando quieren ayudar a los‚Ä¶",0.0,0.0,Neutral
268,: CasaSolar: Ahorra energ√≠a el√©ctrica y colabora con el medio ambiente ‚òÄÔ∏è‚ö°Ô∏è Programa permite comprar paneles solares a menos‚Ä¶,0.0,0.0,Neutral
269,": La Revoluci√≥nVerde y la digitalizaci√≥n son dos apuestas de presente y futuro del Gobierno andaluz.

He visitado un ejemp‚Ä¶",0.0,0.0,Neutral
270,"_Villeda: Los costos de la energ√≠a solar fotovoltaica y la energ√≠a e√≥lica han ca√≠do, la nueva capacidad renovable no solo es cada v‚Ä¶",0.0,0.0,Neutral
271,"  Jeg, Espero que sepas que las e√≥licas y solar tienen un rendimiento nada constante, por eso se necesitan con respaldo de una energ√≠a sin CO¬≤, o sea la nuclear. Y no es cierto que hayan pasado su l√≠mite de funcionamiento, se ampli√≥ por su inversi√≥n en seguridad",0.0,0.0,Neutral
272,: Lugares en Adjuntas urbano que gozan de energ√≠a solar. Las ‚≠êÔ∏è rojas marcan peque√±os negocios donde realizamos auditor√≠as‚Ä¶,0.0,0.0,Neutral
273,CEFE Intelego | Alimento a partir de aire y energ√≠a solar: m√°s eficiente que cultivos tradicionales ‚Äì NotiPress  |  ,0.0,0.0,Neutral
274,"Mis relaciones ca√≥ticas con la energ√≠a c√°ncer llegaron a un puerto seguro con _carolaina üíúü•∞üíô. As√≠ que es imposible no celebrar con agradecimiento y mucha alegr√≠a su vida, su existencia y su presencia. Carolaina la celebro toditica. Feliz nuevo ciclo solar üéÇüéâüôèüåüüòä ",0.0,0.0,Neutral
275,"Estamos en la fase 1 de la construcci√≥n de la Hoja de Ruta Nexo Mujer y Energ√≠a,  formando mujeres paname√±as en energ√≠a solar T√©rmica con  _espanol   y Fundaci√≥n Calicanto MujeresEnTransici√≥nEnerg√©tica ",0.0,0.0,Neutral
276,"La mayor√≠a de los nuevos proyectos e√≥licos y solares ser√°n m√°s baratos que el carb√≥n. Se espera que casi dos tercios de los esquemas de energ√≠a renovable construidos a nivel mundial el a√±o pasado reduzcan los costos del carb√≥n.

",0.0,0.0,Neutral
277,: Gracias por este premio Nacional de Econom√≠a Circular 2021 ( entregado por Fundaci√≥n Recyclapo‚Ä¶,0.0,0.0,Neutral
278,": Desde Abiy√°n üá®üáÆ

üì¢La econom√≠averde se abre paso en Africa

 apoyar√° la producci√≥n de energ√≠a solar y la elect‚Ä¶",0.0,0.0,Neutral
279,"La historia de la energ√≠a solar  , usa focos LED en casa, sequias ",0.0,0.0,Neutral
280,: Lugares en Adjuntas urbano que gozan de energ√≠a solar. Las ‚≠êÔ∏è rojas marcan peque√±os negocios donde realizamos auditor√≠as‚Ä¶,0.0,0.0,Neutral
281,Es posible cultivar alimentos con aire y energ√≠a solar ,0.0,0.0,Neutral
282,: Lugares en Adjuntas urbano que gozan de energ√≠a solar. Las ‚≠êÔ∏è rojas marcan peque√±os negocios donde realizamos auditor√≠as‚Ä¶,0.0,0.0,Neutral
283,: Vieron a   destacando ‚≠êÔ∏è nuevamente a nuestro pa√≠s üá®üá± en ERNC?? ‚ÄúChile est√° dando una lucha eficiente y establecie‚Ä¶,0.0,0.0,Neutral
284," AL QUERE FABRICAR UN DINAMO O PANEL SOLAR, ETC PA TENER MUSICA O ESTAR COMUNICADO EN EL VIAJE,  PUDE APRENDER Y CREO QUE ES POSIBLE VARIOS INVENTOS, CREO CUAL ES Y SON LOS ERRORES DE POR QUE NO LES SALE LOS INVENTOS, COMO LA ENERGIA INFINITA, ETC",0.0,0.0,Neutral
285,: Vieron a   destacando ‚≠êÔ∏è nuevamente a nuestro pa√≠s üá®üá± en ERNC?? ‚ÄúChile est√° dando una lucha eficiente y establecie‚Ä¶,0.0,0.0,Neutral
286,: CasaSolar: Ahorra energ√≠a el√©ctrica y colabora con el medio ambiente ‚òÄÔ∏è‚ö°Ô∏è Programa permite comprar paneles solares a menos‚Ä¶,0.0,0.0,Neutral
287,"Vieron a   destacando ‚≠êÔ∏è nuevamente a nuestro pa√≠s üá®üá± en ERNC?? ‚ÄúChile est√° dando una lucha eficiente y estableciendo un nuevo r√©cord mundial en la energ√≠a solar ‚òÄÔ∏è m√°s barata, levantando plantas en lugares q permiten a Chile exportar energ√≠a"". üëáüèº
",0.0,0.0,Neutral
288,"0.16¬∞C, muy lejos de catapultarnos hacia una edad de hielo[9]. Como dato adicional, podemos decir que la cantidad de energ√≠a emitida por el Sol es relativamente constante, ya que s√≥lo var√≠a en un 0,1% a lo largo del ciclo solar[10].",0.0,0.0,Neutral
289,": Subsecretario de Energ√≠a  inaugura proyecto de electrificaci√≥n en la aislada IslaChaull√≠n. Iniciativa, que incluy‚Ä¶",0.0,0.0,Neutral
290,"Libros Para los interesados en el sector fotovoltaico, aqu√≠:  Gu√≠a de Energ√≠a Solar para el Usuario Final  _asociacion _oficial _AC  _Oficial   ",1.0,0.0,Neutral
291,: CasaSolar: Ahorra energ√≠a el√©ctrica y colabora con el medio ambiente ‚òÄÔ∏è‚ö°Ô∏è Programa permite comprar paneles solares a menos‚Ä¶,0.0,0.0,Neutral
292,": Mira c√≥mo postular al programa que permite comprar paneles solares a menos precio y con cofinanciamiento estatal ‚úÖ

Ahorra‚Ä¶",0.0,0.0,Neutral
293,": Mira c√≥mo postular al programa que permite comprar paneles solares a menos precio y con cofinanciamiento estatal ‚úÖ

Ahorra‚Ä¶",0.0,0.0,Neutral
294,"Regantes portugueses proponen crear un proyecto piloto de comunidades de energ√≠a solar en riego colectivo 

üëâ ",0.0,0.0,Neutral
295,: Lugares en Adjuntas urbano que gozan de energ√≠a solar. Las ‚≠êÔ∏è rojas marcan peque√±os negocios donde realizamos auditor√≠as‚Ä¶,0.0,0.0,Neutral
296,"Un intercambiador de calor como soluci√≥n a la intermitencia de la energ√≠a solar.  

La intermitencia en la surge porque¬† no siempre se produce energ√≠a cuando la demanda es mayor y la producci√≥n depende de que brille el sol y sople ‚Ä¶",0.0,0.0,Neutral
297,: CasaSolar: Ahorra energ√≠a el√©ctrica y colabora con el medio ambiente ‚òÄÔ∏è‚ö°Ô∏è Programa permite comprar paneles solares a menos‚Ä¶,0.0,0.0,Neutral
298,"El dpto. de Electricidad, Energ√≠a y Agua ha desarrollado un proyecto enmarcado dentro de la cooperaci√≥n instituto-empresa. ‚ÄúTELEMETR√çA EN TIEMPO REAL‚Äù, se ha desarrollado en el parque solar de Los Arcos, y desde el instituto hemos monitorizado datos meteorol√≥gicos y de producci√≥n ",0.30000000000000004,0.2,Positivo
299,": Mira c√≥mo postular al programa que permite comprar paneles solares a menos precio y con cofinanciamiento estatal ‚úÖ

Ahorra‚Ä¶",0.0,0.0,Neutral
300,: CasaSolar: Ahorra energ√≠a el√©ctrica y colabora con el medio ambiente ‚òÄÔ∏è‚ö°Ô∏è Programa permite comprar paneles solares a menos‚Ä¶,0.0,0.0,Neutral
301,": Mira c√≥mo postular al programa que permite comprar paneles solares a menos precio y con cofinanciamiento estatal ‚úÖ

Ahorra‚Ä¶",0.0,0.0,Neutral
302,"Mira c√≥mo postular al programa que permite comprar paneles solares a menos precio y con cofinanciamiento estatal ‚úÖ

Ahorra electricidad y colabora con el medio ambiente con CasaSolar ‚òÄÔ∏è‚ö°Ô∏èüåé

PrensaEnerg√≠a
",0.0,0.0,Neutral
303,": Ingenieros crean colectores de energ√≠a solar a partir de ‚Äúsemillas microsc√≥picas‚Äù.
Semillas para cultivar cristales de pero‚Ä¶",0.0,0.0,Neutral
304,: Gracias por este premio Nacional de Econom√≠a Circular 2021 ( entregado por Fundaci√≥n Recyclapo‚Ä¶,0.0,0.0,Neutral
305,: CasaSolar: Ahorra energ√≠a el√©ctrica y colabora con el medio ambiente ‚òÄÔ∏è‚ö°Ô∏è Programa permite comprar paneles solares a menos‚Ä¶,0.0,0.0,Neutral
306,: CasaSolar: Ahorra energ√≠a el√©ctrica y colabora con el medio ambiente ‚òÄÔ∏è‚ö°Ô∏è Programa permite comprar paneles solares a menos‚Ä¶,0.0,0.0,Neutral
307,"CasaSolar: Ahorra energ√≠a el√©ctrica y colabora con el medio ambiente ‚òÄÔ∏è‚ö°Ô∏è Programa permite comprar paneles solares a menos precio y con cofinanciamiento estatal ‚úÖ

Postulaciones siguen abiertas para 19 comunas de Chile.

Revisa m√°s aqu√≠ üëá PrensaEnerg√≠a
",0.0,0.0,Neutral
308," hola Ingrid, lei el reportaje en Emol y me gustaria presentarte unos equipos que serian muy beneficiosos para el parque.
los equipos son bigbellys, compactadores de basura con energia solar, ademas cuentan con toda una plataforma...",0.0,0.0,Neutral
309,"Inauguran proyecto d electrificaci√≥n en la aislada Isla Chaull√≠n  Energ√≠a Solar Fotovoltaica una  soluci√≥n para los habitantes del archipi√©lago,Energ√≠as Renovables No Convencionales (ERNC) se posicionan en la RegiondeLosLagos  ",0.0,0.0,Neutral
310,"781: -¬øQui√©n es el l√≠der mundial, y con diferencia, en energ√≠a solar?
-China.
-¬øA que no sabes que va a hacer EEUU?
-Intentar i‚Ä¶",0.0,0.0,Neutral
311,: Gracias por este premio Nacional de Econom√≠a Circular 2021 ( entregado por Fundaci√≥n Recyclapo‚Ä¶,0.0,0.0,Neutral
312,"1: ma√±anera | ""Para avanzar en la planta de energ√≠a solar en Sonora hay que buscar la tecnolog√≠a en otros pa√≠ses, en Espa√±a t‚Ä¶",0.0,0.0,Neutral
313,"Desde Abiy√°n üá®üáÆ

üì¢La econom√≠averde se abre paso en Africa

 apoyar√° la producci√≥n de energ√≠a solar y la electrificaci√≥n rural en BurkinaFaso 

Objetivo: aumentar el acceso a la electricidad en zonas rurales üáßüá´ ‚òÄÔ∏èüå±

M√°s informaci√≥n ‚û°Ô∏è ",0.0,0.0,Neutral
314,": Este mi√©rcoles el presidente _ dio algunos detalles acerca del proyecto de energ√≠asolar en Sonora. 

Aq‚Ä¶",0.0,0.0,Neutral
315,"Queremos ofrecerte SIN COSTO un estudio de prefactibilidad de energ√≠a solar para tu empresa ‚úî

PROLUXES, luz solar en tus proyectos de vida üåû

panelesolares energ√≠asolar 
guayaquil ecuadorüá™üá® ",0.0,0.0,Neutral
316,: ‚ÄúAl calor de las ayudas millonarias de la UE se proyectan parques e√≥licos e instalaciones de energ√≠a solar sin planifi‚Ä¶,0.0,0.0,Neutral
317,: Lugares en Adjuntas urbano que gozan de energ√≠a solar. Las ‚≠êÔ∏è rojas marcan peque√±os negocios donde realizamos auditor√≠as‚Ä¶,0.0,0.0,Neutral
318,"_Villeda: Los costos de la energ√≠a solar fotovoltaica y la energ√≠a e√≥lica han ca√≠do, la nueva capacidad renovable no solo es cada v‚Ä¶",0.0,0.0,Neutral
319,"_Villeda: Los costos de la energ√≠a solar fotovoltaica y la energ√≠a e√≥lica han ca√≠do, la nueva capacidad renovable no solo es cada v‚Ä¶",0.0,0.0,Neutral
320,"Este mi√©rcoles el presidente _ dio algunos detalles acerca del proyecto de energ√≠asolar en Sonora. 

Aqu√≠ te presentamos el resumen de la conferenciamatutina. 
‚òÄÔ∏è‚ö°Ô∏èüí° 

",0.0,0.0,Neutral
321,"Un intercambiador de calor como soluci√≥n a la intermitencia de la energ√≠a solar, publicada en Energy News -  ",0.0,0.0,Neutral
322,"Separte del Workshop  Desaf√≠os de la energ√≠a Solar en el Desierto de Atacama. Este 25 de Junio a las 9:30, Conoce las nuevas tecnolog√≠as, inscr√≠bete en üëáüì≤
¬†¬† ",0.0,0.0,Neutral
323,:  _aguila     Te gusta tergiversar las cosas. Ning√∫n pa‚Ä¶,0.0,0.0,Neutral
324,"üëâAmazon ha anunciado hoy 14 proyectos de energ√≠a renovable en Espa√±a, Finlandia, Canad√° y Estados Unidos.

retail sostenibilidad ",0.0,0.0,Neutral
325,"_thinkagro: V√≠a  
ùó™ùêÑùêçùêÑùêë  ‚ö°‚ö° martes 29-06 ""El Uso de Energ√≠a Solar en Comunidades Aisladas"" (sesi√≥n en espa√±ol) üí°‚òÄÔ∏èüè¢ V√≠‚Ä¶",0.0,0.0,Neutral
326,: Gracias por este premio Nacional de Econom√≠a Circular 2021 ( entregado por Fundaci√≥n Recyclapo‚Ä¶,0.0,0.0,Neutral
327,: Gracias por este premio Nacional de Econom√≠a Circular 2021 ( entregado por Fundaci√≥n Recyclapo‚Ä¶,0.0,0.0,Neutral
328,: Gracias por este premio Nacional de Econom√≠a Circular 2021 ( entregado por Fundaci√≥n Recyclapo‚Ä¶,0.0,0.0,Neutral
329,"_Villeda: Los costos de la energ√≠a solar fotovoltaica y la energ√≠a e√≥lica han ca√≠do, la nueva capacidad renovable no solo es cada v‚Ä¶",0.0,0.0,Neutral
330,"1: ma√±anera | ""Para avanzar en la planta de energ√≠a solar en Sonora hay que buscar la tecnolog√≠a en otros pa√≠ses, en Espa√±a t‚Ä¶",0.0,0.0,Neutral
331,": Sin ellos, la fabricaci√≥n de energ√≠a solar, e√≥lica y de veh√≠culos el√©ctricos resulta imposible. 
Lo mismo ocurre con la imp‚Ä¶",0.0,0.0,Neutral
332,"_Villeda: Los costos de la energ√≠a solar fotovoltaica y la energ√≠a e√≥lica han ca√≠do, la nueva capacidad renovable no solo es cada v‚Ä¶",0.0,0.0,Neutral
333,: Lugares en Adjuntas urbano que gozan de energ√≠a solar. Las ‚≠êÔ∏è rojas marcan peque√±os negocios donde realizamos auditor√≠as‚Ä¶,0.0,0.0,Neutral
334,"V√≠a  
ùó™ùêÑùêçùêÑùêë  ‚ö°‚ö° martes 29-06 ""El Uso de Energ√≠a Solar en Comunidades Aisladas"" (sesi√≥n en espa√±ol) üí°‚òÄÔ∏èüè¢ V√≠a Zoom y YoutubeLive üëç
üîπ Expositora üëâ Raquel Fratta, de la Fundaci√≥n Mois√©s Bertoni. Paraguay.
üîπ Inscripci√≥n  üëá
 ",0.0,0.0,Neutral
335,"Sin ellos, la fabricaci√≥n de energ√≠a solar, e√≥lica y de veh√≠culos el√©ctricos resulta imposible. 
Lo mismo ocurre con la impresi√≥n en 3D, los drones, la rob√≥tica y otras tecnolog√≠as digitales.
Y mientras algunos de esos minerales pueden reciclarse o sustituirse hay otros que no.",0.0,0.0,Neutral
336," _aguila     Te gusta tergiversar las cosas. Ning√∫n pa√≠s tiene la mayor√≠a de su energ√≠a en solar o e√≥lica. Los consumidores siempre pagan. No se si te confundes o lo haces para confundir a otros. Al menos creo acordamos que la prioridad debe ser viento y solar, que son adem√°s las mas baratas.",0.0,0.0,Neutral
337,CEFE Intelego | Superordenadores ayudar√°n a convertir energ√≠a solar en hidr√≥geno ‚Äì ADSL Zone  |  ,0.0,0.0,Neutral
338,: Gracias por este premio Nacional de Econom√≠a Circular 2021 ( entregado por Fundaci√≥n Recyclapo‚Ä¶,0.0,0.0,Neutral
339,"781: -¬øQui√©n es el l√≠der mundial, y con diferencia, en energ√≠a solar?
-China.
-¬øA que no sabes que va a hacer EEUU?
-Intentar i‚Ä¶",0.0,0.0,Neutral
340,"_Villeda: Los costos de la energ√≠a solar fotovoltaica y la energ√≠a e√≥lica han ca√≠do, la nueva capacidad renovable no solo es cada v‚Ä¶",0.0,0.0,Neutral
341,": Ingenieros crean colectores de energ√≠a solar a partir de ‚Äúsemillas microsc√≥picas‚Äù.
Semillas para cultivar cristales de pero‚Ä¶",0.0,0.0,Neutral
342,: Gracias por este premio Nacional de Econom√≠a Circular 2021 ( entregado por Fundaci√≥n Recyclapo‚Ä¶,0.0,0.0,Neutral
343,"Ingenieros crean colectores de energ√≠a solar a partir de ‚Äúsemillas microsc√≥picas‚Äù.
Semillas para cultivar cristales de perovskita 2D uniformes que son estables y muy eficientes a la hora de captar electricidad de la luz solar



V√≠a  ",0.0,0.0,Neutral
344,"-¬øQui√©n es el l√≠der mundial, y con diferencia, en energ√≠a solar?
-China.
-¬øA que no sabes que va a hacer EEUU?
-Intentar impedirles el acceso a materias necesarias para fabricar paneles.
-Bingo.
-Tan previsibles como cualquier mat√≥n de barrio.
",0.0,0.0,Neutral
345,Identifica las partes de nuestro calentador solar de tubos al vac√≠o en el siguiente diagrama. TransformandoTuEnerg√≠a CalentadoresSolares Energ√≠aSolarT√©rmica ,0.0,0.0,Neutral
346,: Gracias por este premio Nacional de Econom√≠a Circular 2021 ( entregado por Fundaci√≥n Recyclapo‚Ä¶,0.0,0.0,Neutral
347, El crecimiento org√°nico de la energ√≠a solar y e√≥lica ,0.0,0.0,Neutral
348,_9595: El d√≠a de ayer en sesi√≥n de Concejo Municipal recibimos la visita de una empresa que invertir√° en Santa Tecla  $30 millo‚Ä¶,0.0,0.0,Neutral
349, Pero la energ√≠a solar es cara para la mayor√≠a de los duranguenses. Si pagas 300 por bimestre y te cuesta 40 000 pesos la instalaci√≥n de celdas las cuentas no dan,0.0,0.0,Neutral
350,": La energ√≠a e√≥lica y solar es m√°s barata que el carb√≥n...
En Espa√±a vamos lento en la transici√≥n. El autoconsumo a√∫n es un‚Ä¶",0.0,0.0,Neutral
351,: Gracias por este premio Nacional de Econom√≠a Circular 2021 ( entregado por Fundaci√≥n Recyclapo‚Ä¶,0.0,0.0,Neutral
352,"Ver ""AMLO DETALLA QUE ANALIZAN EMPRESA DE ENERG√çA SOLAR ESTATAL QUE PROPONE DURAZO"" en YouTube ",0.0,0.0,Neutral
353,": Subsecretario de Energ√≠a  inaugura proyecto de electrificaci√≥n en la aislada IslaChaull√≠n. Iniciativa, que incluy‚Ä¶",0.0,0.0,Neutral
354,"Durango con una envidiable energ√≠a solar y los costos de gas por las nubes. 
¬øEn qu√© piensan cuando quieren ayudar a los ciudadanos?",0.0,0.0,Neutral
355,: Lugares en Adjuntas urbano que gozan de energ√≠a solar. Las ‚≠êÔ∏è rojas marcan peque√±os negocios donde realizamos auditor√≠as‚Ä¶,0.0,0.0,Neutral
356,: Lugares en Adjuntas urbano que gozan de energ√≠a solar. Las ‚≠êÔ∏è rojas marcan peque√±os negocios donde realizamos auditor√≠as‚Ä¶,0.0,0.0,Neutral
357,"_Villeda: Los costos de la energ√≠a solar fotovoltaica y la energ√≠a e√≥lica han ca√≠do, la nueva capacidad renovable no solo es cada v‚Ä¶",0.0,0.0,Neutral
358,"1: ma√±anera | ""Para avanzar en la planta de energ√≠a solar en Sonora hay que buscar la tecnolog√≠a en otros pa√≠ses, en Espa√±a t‚Ä¶",0.0,0.0,Neutral
359,: ‚ÄúAl calor de las ayudas millonarias de la UE se proyectan parques e√≥licos e instalaciones de energ√≠a solar sin planifi‚Ä¶,0.0,0.0,Neutral
360,üìå Los responsables del proyecto Sahara Forest han logrado cultivar verduras en pleno desierto. As√≠ es como lo han hecho... ,0.0,0.0,Neutral
361,"_Villeda: Los costos de la energ√≠a solar fotovoltaica y la energ√≠a e√≥lica han ca√≠do, la nueva capacidad renovable no solo es cada v‚Ä¶",0.0,0.0,Neutral
362," Tenemos al alcance de la mano un futuro con ENERG√çA SUPER ABUNDANTE y LIMPIA.

Grandes beneficios para TODOS, especialmente para los m√°s necesitados. 
Tambi√©n reforzar√° matriz de competitividad de M√©xico, generando m√°s empleo. 

Esto ser√° as√≠:

100% SOLAR + E√ìLICA + BATER√çAS",0.6666666666666666,0.3333333333333333,Positivo
363, _Energia Solar con bater√≠as para los consumos esenciales,0.0,0.0,Neutral
364,: ‚ÄúAl calor de las ayudas millonarias de la UE se proyectan parques e√≥licos e instalaciones de energ√≠a solar sin planifi‚Ä¶,0.0,0.0,Neutral
365,"_Villeda: Los costos de la energ√≠a solar fotovoltaica y la energ√≠a e√≥lica han ca√≠do, la nueva capacidad renovable no solo es cada v‚Ä¶",0.0,0.0,Neutral
366,Estas semillas permiten crear cristales que acumulan energ√≠a solar ,0.0,0.0,Neutral
367,"_Villeda: Los costos de la energ√≠a solar fotovoltaica y la energ√≠a e√≥lica han ca√≠do, la nueva capacidad renovable no solo es cada v‚Ä¶",0.0,0.0,Neutral
368,"Gemasolar, la planta de energ√≠a solar t√©rmica de Fuentes de Andaluc√≠a (Sevilla), no podr√≠a haber tenido un mejor aniversario. El martes 15 de junio, pocos d√≠as despu√©s de cumplir 10 a√±os desde su entrada en funcionamiento (mayo de 2011), el cosmonauta ruso Oleg Novitski ",0.0,0.0,Neutral
369,"7155501: Que casualidad... desde Junio 1 han aparecido unas 9,376,721 compa√±√≠as de energ√≠a solar en Puerto Rico...
Se las ve en l‚Ä¶",0.0,0.0,Neutral
370,"Energ√≠a solar aplicado a la climatizaci√≥n de piscinas, hacemos tu proyecto. energia  ",0.0,0.0,Neutral
371,: ‚ÄúAl calor de las ayudas millonarias de la UE se proyectan parques e√≥licos e instalaciones de energ√≠a solar sin planifi‚Ä¶,0.0,0.0,Neutral
372,: ‚ÄúAl calor de las ayudas millonarias de la UE se proyectan parques e√≥licos e instalaciones de energ√≠a solar sin planifi‚Ä¶,0.0,0.0,Neutral
373,: ‚ÄúAl calor de las ayudas millonarias de la UE se proyectan parques e√≥licos e instalaciones de energ√≠a solar sin planifi‚Ä¶,0.0,0.0,Neutral
374,"En la b√∫squeda de materiales para la energ√≠a solar, un algoritmo de inteligencia artificial que corre en un laptop puede sustituir supercomputadores

",1.0,-0.6,Negativo
375,": La Revoluci√≥nVerde y la digitalizaci√≥n son dos apuestas de presente y futuro del Gobierno andaluz.

He visitado un ejemp‚Ä¶",0.0,0.0,Neutral
376,"_Villeda: Los costos de la energ√≠a solar fotovoltaica y la energ√≠a e√≥lica han ca√≠do, la nueva capacidad renovable no solo es cada v‚Ä¶",0.0,0.0,Neutral
377,_Reich: Jujuy Parque Solar Cauchari. Energ√≠a Viva üåû‚ùÑÔ∏è Gracias  ,0.0,0.0,Neutral
378,"_Villeda: Los costos de la energ√≠a solar fotovoltaica y la energ√≠a e√≥lica han ca√≠do, la nueva capacidad renovable no solo es cada v‚Ä¶",0.0,0.0,Neutral
379,: Ankway Bomba de fuente de energ√≠a solar Bomba solar para ba√±o de aves de 2.5W Bomba flotante para fuente de agua nuevo model‚Ä¶,0.0,0.0,Neutral
380,: Lugares en Adjuntas urbano que gozan de energ√≠a solar. Las ‚≠êÔ∏è rojas marcan peque√±os negocios donde realizamos auditor√≠as‚Ä¶,0.0,0.0,Neutral
381,"_Villeda: Los costos de la energ√≠a solar fotovoltaica y la energ√≠a e√≥lica han ca√≠do, la nueva capacidad renovable no solo es cada v‚Ä¶",0.0,0.0,Neutral
382,La energ√≠a solar brinda alternativas econ√≥micas ante la escasez de agua a nivel mundial provocada por le cambio clim√°tico - Excelente  ,0.0,0.0,Neutral
383,"_Villeda: Los costos de la energ√≠a solar fotovoltaica y la energ√≠a e√≥lica han ca√≠do, la nueva capacidad renovable no solo es cada v‚Ä¶",0.0,0.0,Neutral
384,"_Villeda: Los costos de la energ√≠a solar fotovoltaica y la energ√≠a e√≥lica han ca√≠do, la nueva capacidad renovable no solo es cada v‚Ä¶",0.0,0.0,Neutral
385,": La vida surge de la interacci√≥n agua-luz.
Los infrarrojos del sol mejoran el potencial el√©ctrico y disminuyen la viscosid‚Ä¶",0.0,0.0,Neutral
386,"1: ma√±anera | ""Para avanzar en la planta de energ√≠a solar en Sonora hay que buscar la tecnolog√≠a en otros pa√≠ses, en Espa√±a t‚Ä¶",0.0,0.0,Neutral
387,"_Villeda: Los costos de la energ√≠a solar fotovoltaica y la energ√≠a e√≥lica han ca√≠do, la nueva capacidad renovable no solo es cada v‚Ä¶",0.0,0.0,Neutral
388,"TriviaGigante

Se refiere a la energ√≠a ‚ö°Ô∏è que se encuentra natural y repetidamente en la naturaleza, üåé como puede ser la e√≥lica, la solar ‚òÄÔ∏è o geotermal.",0.4,0.1,Positivo
389,"_Villeda: Los costos de la energ√≠a solar fotovoltaica y la energ√≠a e√≥lica han ca√≠do, la nueva capacidad renovable no solo es cada v‚Ä¶",0.0,0.0,Neutral
390,"_Villeda: Los costos de la energ√≠a solar fotovoltaica y la energ√≠a e√≥lica han ca√≠do, la nueva capacidad renovable no solo es cada v‚Ä¶",0.0,0.0,Neutral
391,"_Villeda: Los costos de la energ√≠a solar fotovoltaica y la energ√≠a e√≥lica han ca√≠do, la nueva capacidad renovable no solo es cada v‚Ä¶",0.0,0.0,Neutral
392,"1: ma√±anera | ""Para avanzar en la planta de energ√≠a solar en Sonora hay que buscar la tecnolog√≠a en otros pa√≠ses, en Espa√±a t‚Ä¶",0.0,0.0,Neutral
393,: Lugares en Adjuntas urbano que gozan de energ√≠a solar. Las ‚≠êÔ∏è rojas marcan peque√±os negocios donde realizamos auditor√≠as‚Ä¶,0.0,0.0,Neutral
394,"ma√±anera | ""Para avanzar en la planta de energ√≠a solar en Sonora hay que buscar la tecnolog√≠a en otros pa√≠ses, en Espa√±a tienen un problema porque aumentaron las tarifas y tambi√©n buscar las opciones del financiamiento"", inform√≥ _   _TV ",0.0,0.0,Neutral
395,"_Villeda: Los costos de la energ√≠a solar fotovoltaica y la energ√≠a e√≥lica han ca√≠do, la nueva capacidad renovable no solo es cada v‚Ä¶",0.0,0.0,Neutral
396,"_Villeda: Los costos de la energ√≠a solar fotovoltaica y la energ√≠a e√≥lica han ca√≠do, la nueva capacidad renovable no solo es cada v‚Ä¶",0.0,0.0,Neutral
397,"_Villeda: Los costos de la energ√≠a solar fotovoltaica y la energ√≠a e√≥lica han ca√≠do, la nueva capacidad renovable no solo es cada v‚Ä¶",0.0,0.0,Neutral
398,"_Villeda: Los costos de la energ√≠a solar fotovoltaica y la energ√≠a e√≥lica han ca√≠do, la nueva capacidad renovable no solo es cada v‚Ä¶",0.0,0.0,Neutral
399,: ‚ÄúAl calor de las ayudas millonarias de la UE se proyectan parques e√≥licos e instalaciones de energ√≠a solar sin planifi‚Ä¶,0.0,0.0,Neutral
400,: Lugares en Adjuntas urbano que gozan de energ√≠a solar. Las ‚≠êÔ∏è rojas marcan peque√±os negocios donde realizamos auditor√≠as‚Ä¶,0.0,0.0,Neutral
401,"_Villeda: Los costos de la energ√≠a solar fotovoltaica y la energ√≠a e√≥lica han ca√≠do, la nueva capacidad renovable no solo es cada v‚Ä¶",0.0,0.0,Neutral
402,": La energ√≠a e√≥lica y solar es m√°s barata que el carb√≥n...
En Espa√±a vamos lento en la transici√≥n. El autoconsumo a√∫n es un‚Ä¶",0.0,0.0,Neutral
403,": En noticias m√°s positivas, en el mes de mayo la energ√≠a el√©ctrica liquidada por tecnolog√≠a solar fotovoltaica en el Mer‚Ä¶",0.0,0.0,Neutral
404,"_Villeda: Los costos de la energ√≠a solar fotovoltaica y la energ√≠a e√≥lica han ca√≠do, la nueva capacidad renovable no solo es cada v‚Ä¶",0.0,0.0,Neutral
405,"Ankway Bomba de fuente de energ√≠a solar Bomba solar para ba√±o de aves de 2.5W Bomba flotante para fuente de agua nuevo modelo Sumergible con respaldo de bater√≠a para fuente, piscina, jard√≠n, estanque

üìà Precio: 9.99 ‚Ç¨üî•

üé´Cup√≥n: ESPUMP50

üî∞Enlace:  ",0.0,0.0,Neutral
406,"Amazon pondr√° en marcha su mayor planta solar en Espa√±a en 2023: el gigante tecnol√≥gico arranca su quinto proyecto fotovoltaico en el pa√≠s y estar√° ubicado en Castilla-La Mancha. Energ√≠a
 v√≠a  ",0.0,0.0,Neutral
407,: ‚ÄúAl calor de las ayudas millonarias de la UE se proyectan parques e√≥licos e instalaciones de energ√≠a solar sin planifi‚Ä¶,0.0,0.0,Neutral
408,"_Villeda: Los costos de la energ√≠a solar fotovoltaica y la energ√≠a e√≥lica han ca√≠do, la nueva capacidad renovable no solo es cada v‚Ä¶",0.0,0.0,Neutral
409,: ‚ÄúAl calor de las ayudas millonarias de la UE se proyectan parques e√≥licos e instalaciones de energ√≠a solar sin planifi‚Ä¶,0.0,0.0,Neutral
410,"_Villeda: Los costos de la energ√≠a solar fotovoltaica y la energ√≠a e√≥lica han ca√≠do, la nueva capacidad renovable no solo es cada v‚Ä¶",0.0,0.0,Neutral
411,"_Villeda: Los costos de la energ√≠a solar fotovoltaica y la energ√≠a e√≥lica han ca√≠do, la nueva capacidad renovable no solo es cada v‚Ä¶",0.0,0.0,Neutral
412,"_Villeda: Los costos de la energ√≠a solar fotovoltaica y la energ√≠a e√≥lica han ca√≠do, la nueva capacidad renovable no solo es cada v‚Ä¶",0.0,0.0,Neutral
413, _Energia Considere la energ√≠a solar por lo menos para la nevera.,0.0,0.0,Neutral
414,"‚õèÔ∏è Salta recibir√° inversiones de US$ 580 millones por el salar del Llullaillaco 

‚ö° Ser√° el primer proyecto en el mundo que se abastecer√° de energ√≠a solar y generar√° m√°s de 4 mil puestos de trabajo directos e indirectos

Segu√≠ leyendoüëâ  ",0.0,0.0,Neutral
415,M√°s all√° de flujo de energ√≠a el√©ctrica de hora 100% üîã ,0.0,0.0,Neutral
416,: Lugares en Adjuntas urbano que gozan de energ√≠a solar. Las ‚≠êÔ∏è rojas marcan peque√±os negocios donde realizamos auditor√≠as‚Ä¶,0.0,0.0,Neutral
417,"LaMa√±anera AMLO refiere que los t√©cnicos y el director de la  tienen que revisar la generaci√≥n y despacho de la empresa p√∫blica de energ√≠a solar planteada para construirse en Sonora, para la cual se busca exista tenga con la mejor tecnolog√≠a.",0.0,0.0,Neutral
418,: ‚ÄúAl calor de las ayudas millonarias de la UE se proyectan parques e√≥licos e instalaciones de energ√≠a solar sin planifi‚Ä¶,0.0,0.0,Neutral
419,"_Villeda: Los costos de la energ√≠a solar fotovoltaica y la energ√≠a e√≥lica han ca√≠do, la nueva capacidad renovable no solo es cada v‚Ä¶",0.0,0.0,Neutral
420,"  La energ√≠a el√©ctrica surgida a partir de la radiaci√≥n solar debe ser el pr√≥ximo ""Sueldo de Chile"".",0.0,0.0,Neutral
421,": Subsecretario de Energ√≠a  inaugura proyecto de electrificaci√≥n en la aislada IslaChaull√≠n. Iniciativa, que incluy‚Ä¶",0.0,0.0,Neutral
422,"_Villeda: Los costos de la energ√≠a solar fotovoltaica y la energ√≠a e√≥lica han ca√≠do, la nueva capacidad renovable no solo es cada v‚Ä¶",0.0,0.0,Neutral
423,"_Villeda: Los costos de la energ√≠a solar fotovoltaica y la energ√≠a e√≥lica han ca√≠do, la nueva capacidad renovable no solo es cada v‚Ä¶",0.0,0.0,Neutral
424,": La energ√≠a e√≥lica y solar es m√°s barata que el carb√≥n...
En Espa√±a vamos lento en la transici√≥n. El autoconsumo a√∫n es un‚Ä¶",0.0,0.0,Neutral
425,: ‚ÄúAl calor de las ayudas millonarias de la UE se proyectan parques e√≥licos e instalaciones de energ√≠a solar sin planifi‚Ä¶,0.0,0.0,Neutral
426,"_Villeda: Los costos de la energ√≠a solar fotovoltaica y la energ√≠a e√≥lica han ca√≠do, la nueva capacidad renovable no solo es cada v‚Ä¶",0.0,0.0,Neutral
427,: ‚ÄúAl calor de las ayudas millonarias de la UE se proyectan parques e√≥licos e instalaciones de energ√≠a solar sin planifi‚Ä¶,0.0,0.0,Neutral
428,: ‚ÄúAl calor de las ayudas millonarias de la UE se proyectan parques e√≥licos e instalaciones de energ√≠a solar sin planifi‚Ä¶,0.0,0.0,Neutral
429,"_Villeda: Los costos de la energ√≠a solar fotovoltaica y la energ√≠a e√≥lica han ca√≠do, la nueva capacidad renovable no solo es cada v‚Ä¶",0.0,0.0,Neutral
430,: Lugares en Adjuntas urbano que gozan de energ√≠a solar. Las ‚≠êÔ∏è rojas marcan peque√±os negocios donde realizamos auditor√≠as‚Ä¶,0.0,0.0,Neutral
431,: Lugares en Adjuntas urbano que gozan de energ√≠a solar. Las ‚≠êÔ∏è rojas marcan peque√±os negocios donde realizamos auditor√≠as‚Ä¶,0.0,0.0,Neutral
432,"4nson: Si quieres tener energ√≠a barata, no debes implementar a cascoporro solar y e√≥lica a la vez que tiene unos derechos de emisi‚Ä¶",0.0,0.0,Neutral
433,": Subsecretario de Energ√≠a  inaugura proyecto de electrificaci√≥n en la aislada IslaChaull√≠n. Iniciativa, que incluy‚Ä¶",0.0,0.0,Neutral
434,"Si quieres tener energ√≠a barata, no debes implementar a cascoporro solar y e√≥lica a la vez que tiene unos derechos de emisi√≥n de carbono car√≠simos.

No seas Alemania.",0.0,0.0,Neutral
435,: ‚ÄúAl calor de las ayudas millonarias de la UE se proyectan parques e√≥licos e instalaciones de energ√≠a solar sin planifi‚Ä¶,0.0,0.0,Neutral
436,"_Villeda: Los costos de la energ√≠a solar fotovoltaica y la energ√≠a e√≥lica han ca√≠do, la nueva capacidad renovable no solo es cada v‚Ä¶",0.0,0.0,Neutral
437,: ‚ÄúAl calor de las ayudas millonarias de la UE se proyectan parques e√≥licos e instalaciones de energ√≠a solar sin planifi‚Ä¶,0.0,0.0,Neutral
438,: ‚ÄúAl calor de las ayudas millonarias de la UE se proyectan parques e√≥licos e instalaciones de energ√≠a solar sin planifi‚Ä¶,0.0,0.0,Neutral
439,": Subsecretario de Energ√≠a  inaugura proyecto de electrificaci√≥n en la aislada IslaChaull√≠n. Iniciativa, que incluy‚Ä¶",0.0,0.0,Neutral
440,"_Villeda: Los costos de la energ√≠a solar fotovoltaica y la energ√≠a e√≥lica han ca√≠do, la nueva capacidad renovable no solo es cada v‚Ä¶",0.0,0.0,Neutral
441,"_Villeda: Los costos de la energ√≠a solar fotovoltaica y la energ√≠a e√≥lica han ca√≠do, la nueva capacidad renovable no solo es cada v‚Ä¶",0.0,0.0,Neutral
442,: ‚ÄúAl calor de las ayudas millonarias de la UE se proyectan parques e√≥licos e instalaciones de energ√≠a solar sin planifi‚Ä¶,0.0,0.0,Neutral
443,"_Villeda: Los costos de la energ√≠a solar fotovoltaica y la energ√≠a e√≥lica han ca√≠do, la nueva capacidad renovable no solo es cada v‚Ä¶",0.0,0.0,Neutral
444,"_Villeda: Los costos de la energ√≠a solar fotovoltaica y la energ√≠a e√≥lica han ca√≠do, la nueva capacidad renovable no solo es cada v‚Ä¶",0.0,0.0,Neutral
445,: ‚ÄúAl calor de las ayudas millonarias de la UE se proyectan parques e√≥licos e instalaciones de energ√≠a solar sin planifi‚Ä¶,0.0,0.0,Neutral
446,"_Villeda: Los costos de la energ√≠a solar fotovoltaica y la energ√≠a e√≥lica han ca√≠do, la nueva capacidad renovable no solo es cada v‚Ä¶",0.0,0.0,Neutral
447,: ‚ÄúAl calor de las ayudas millonarias de la UE se proyectan parques e√≥licos e instalaciones de energ√≠a solar sin planifi‚Ä¶,0.0,0.0,Neutral
448,"Amazon planea m√°s energ√≠a solar y e√≥lica en Europa (204 MW)
energ√≠a renovables 
",0.0,0.0,Neutral
449,: ‚ÄúAl calor de las ayudas millonarias de la UE se proyectan parques e√≥licos e instalaciones de energ√≠a solar sin planifi‚Ä¶,0.0,0.0,Neutral
450,"_Villeda: Los costos de la energ√≠a solar fotovoltaica y la energ√≠a e√≥lica han ca√≠do, la nueva capacidad renovable no solo es cada v‚Ä¶",0.0,0.0,Neutral
451,: ‚ÄúAl calor de las ayudas millonarias de la UE se proyectan parques e√≥licos e instalaciones de energ√≠a solar sin planifi‚Ä¶,0.0,0.0,Neutral
452,": Existe una poderosa forma de energ√≠a limpia, y es mucho m√°s confiable que la e√≥lica y la solar. 

TheGuardian en LaLi‚Ä¶",0.0,0.0,Neutral
453,"_Villeda: Los costos de la energ√≠a solar fotovoltaica y la energ√≠a e√≥lica han ca√≠do, la nueva capacidad renovable no solo es cada v‚Ä¶",0.0,0.0,Neutral
454,"_Villeda: Los costos de la energ√≠a solar fotovoltaica y la energ√≠a e√≥lica han ca√≠do, la nueva capacidad renovable no solo es cada v‚Ä¶",0.0,0.0,Neutral
455,"‚ÄúAl calor de las ayudas millonarias de la UE se proyectan parques e√≥licos e instalaciones de energ√≠a solar sin planificaci√≥n global y, sobre todo, sin pensar cu√°nta energ√≠a hace falta, para qu√© y para qui√©n, y a costa de qu√©‚Äù: 

_herrero en _es 

",0.0,0.0,Neutral
456,"_Villeda: Los costos de la energ√≠a solar fotovoltaica y la energ√≠a e√≥lica han ca√≠do, la nueva capacidad renovable no solo es cada v‚Ä¶",0.0,0.0,Neutral
457,"Energ√≠a solar e hidr√≥geno verde, pr√≥ximos retos de Canal de Isabel II
",0.0,0.0,Neutral
458,": La energ√≠a e√≥lica y solar es m√°s barata que el carb√≥n...
En Espa√±a vamos lento en la transici√≥n. El autoconsumo a√∫n es un‚Ä¶",0.0,0.0,Neutral
459,": La energ√≠a e√≥lica y solar es m√°s barata que el carb√≥n...
En Espa√±a vamos lento en la transici√≥n. El autoconsumo a√∫n es un‚Ä¶",0.0,0.0,Neutral
460,": Subsecretario de Energ√≠a  inaugura proyecto de electrificaci√≥n en la aislada IslaChaull√≠n. Iniciativa, que incluy‚Ä¶",0.0,0.0,Neutral
461,La estaci√≥n generar√° energ√≠a a partir de la luz solar y la almacenar√° en las instalaciones de almacenamiento de energ√≠a para que se carguen los veh√≠culos el√©ctricos.,0.0,0.0,Neutral
462,": Subsecretario de Energ√≠a  inaugura proyecto de electrificaci√≥n en la aislada IslaChaull√≠n. Iniciativa, que incluy‚Ä¶",0.0,0.0,Neutral
463,    Lugares en Adjuntas urbano que gozan de energ√≠a solar. Las ‚≠êÔ∏è rojas marcan peque√±os negocios donde realizamos auditor√≠as energ√©ticas y dise√±os de sistemas solares. ¬øQuieres vivir e invertir en la econom√≠a de Adjuntas Pueblo Solar o en el üáµüá∑ 'de LUMA'? ,0.0,0.0,Neutral
464,": La energ√≠a e√≥lica y solar es m√°s barata que el carb√≥n...
En Espa√±a vamos lento en la transici√≥n. El autoconsumo a√∫n es un‚Ä¶",0.0,0.0,Neutral
465,": Existe una poderosa forma de energ√≠a limpia, y es mucho m√°s confiable que la e√≥lica y la solar. 

TheGuardian en LaLi‚Ä¶",0.0,0.0,Neutral
466,"1234: Diez empresas compiten para quedarse con la subasta de bater√≠as por 50 MW de Colombia

üîÑ  _Energia ‚Ä¶",0.0,0.0,Neutral
467,"Tema para debate energ√©tico: ""O gato e a energia solar"". Palestrante: Milena Creminha. ",0.0,0.0,Neutral
468,"_Villeda: Los costos de la energ√≠a solar fotovoltaica y la energ√≠a e√≥lica han ca√≠do, la nueva capacidad renovable no solo es cada v‚Ä¶",0.0,0.0,Neutral
469,"_Villeda: Los costos de la energ√≠a solar fotovoltaica y la energ√≠a e√≥lica han ca√≠do, la nueva capacidad renovable no solo es cada v‚Ä¶",0.0,0.0,Neutral
470,"Esto junto con lo de la tarjeta de materiales es un mentira. 
",0.0,0.0,Neutral
471,"_Villeda: Los costos de la energ√≠a solar fotovoltaica y la energ√≠a e√≥lica han ca√≠do, la nueva capacidad renovable no solo es cada v‚Ä¶",0.0,0.0,Neutral
472,"_Villeda: Los costos de la energ√≠a solar fotovoltaica y la energ√≠a e√≥lica han ca√≠do, la nueva capacidad renovable no solo es cada v‚Ä¶",0.0,0.0,Neutral
473,"_Villeda: Los costos de la energ√≠a solar fotovoltaica y la energ√≠a e√≥lica han ca√≠do, la nueva capacidad renovable no solo es cada v‚Ä¶",0.0,0.0,Neutral
474,": Subsecretario de Energ√≠a  inaugura proyecto de electrificaci√≥n en la aislada IslaChaull√≠n. Iniciativa, que incluy‚Ä¶",0.0,0.0,Neutral
475,"_Villeda: Los costos de la energ√≠a solar fotovoltaica y la energ√≠a e√≥lica han ca√≠do, la nueva capacidad renovable no solo es cada v‚Ä¶",0.0,0.0,Neutral
476,"Los costos de la energ√≠a solar fotovoltaica y la energ√≠a e√≥lica han ca√≠do, la nueva capacidad renovable no solo es cada vez m√°s barata que la nueva capacidad con combustibles f√≥siles, sino tambi√©n reduce cada vez m√°s los costos operativos de las centrales de carb√≥n.  ",0.0,0.0,Neutral
477,"ALIMENTACI√ìN MEDIANTE ENERG√çA SOLAR
Impulsando la seguridad en ubicaciones remotas con la soluci√≥n aut√≥noma alimentada por energ√≠a solar de Hikvision

VIDEOVIGILANCIA HIKVISION VIDEOSEGURIDAD CAMARA ENERGIASOLAR ALIMENTACIONSOLAR¬†  ",0.0,0.0,Neutral
478,: üìö Gu√≠a T√©cnica de la Energ√≠a Solar T√©rmica de  y : los profesionales del sector solar t√©rmico precis‚Ä¶,0.0,0.0,Neutral
479,": La Energia Solar cubre el 100% de la demanda energetica de Australia del Sur. Un mundo mas verde, sostenible, limpio, sano y f‚Ä¶",0.0,0.0,Neutral
480,": La energ√≠a e√≥lica y solar es m√°s barata que el carb√≥n...
En Espa√±a vamos lento en la transici√≥n. El autoconsumo a√∫n es un‚Ä¶",0.0,0.0,Neutral
481,1579: _es Vamos que a sus amigos de Endesa se les acaba el chollo de cobrar la luz a precio de unicornio al ver tanto pa‚Ä¶,0.0,0.0,Neutral
482,"_es Vamos que a sus amigos de Endesa se les acaba el chollo de cobrar la luz a precio de unicornio al ver tanto parque solar, energia limpia y barata y tienen k detenerlo cueste lo que cueste",0.0,0.0,Neutral
483,": Por su ubicaci√≥n geogr√°fica, Sonora ser√° la primera entidad donde se eval√∫e la posibilidad de construir un parque de gener‚Ä¶",0.0,0.0,Neutral
484,"Ahuevo se la llevan de ""m√°s pensantes"" y no comprenden el sarcasmo, antes en el 2021, la energ√≠a renovable y limpia como la solar era innovadora, ahora en junio de 2021, ya noü§©üëçüèæüòé ",0.0,0.0,Neutral
485," En el centro urbano estamos desarrollando una microred para peque√±os comerciantes, falta instalar complejo de bater√≠as. Casa Pueblo es una microred para s√≠ misma, la radio y el cine solar. Otras 150 instalaciones son aut√≥nomas con almacenaje de energ√≠a.",0.0,0.0,Neutral
486,": La energ√≠a e√≥lica y solar es m√°s barata que el carb√≥n...
En Espa√±a vamos lento en la transici√≥n. El autoconsumo a√∫n es un‚Ä¶",0.0,0.0,Neutral
487,@_fogonazo: Ac√° termin√© de armar y conectar una bater√≠a de litio de m√°s de 100Ah hecha con 650 celdas recicladas de notebooks. La estruc‚Ä¶,0.0,0.0,Neutral
488,"Estamos orgullosos de ver crecer esta empresa Vallecaucana, ser sus aliados hace m√°s de 10 a√±os y continuar iniciando juntos nuevos proyectos alienados con sus objetivos üôåüèª ¬øQu√© est√°s esperando para empezar a generar energ√≠a solar en tu empresa?  ‚ö° ",0.0,0.0,Neutral
489,: Lugares en Adjuntas urbano que gozan de energ√≠a solar. Las ‚≠êÔ∏è rojas marcan peque√±os negocios donde realizamos auditor√≠as‚Ä¶,0.0,0.0,Neutral
490,": La Revoluci√≥nVerde y la digitalizaci√≥n son dos apuestas de presente y futuro del Gobierno andaluz.

He visitado un ejemp‚Ä¶",0.0,0.0,Neutral
491,": Qu√© son las bombas de calor asistidas por energ√≠a solar, el mejor sistema para calefacci√≥n y agua caliente sanitaria.

htt‚Ä¶",0.0,0.0,Neutral
492,": Subsecretario de Energ√≠a  inaugura proyecto de electrificaci√≥n en la aislada IslaChaull√≠n. Iniciativa, que incluy‚Ä¶",0.0,0.0,Neutral
493,": Subsecretario de Energ√≠a  inaugura proyecto de electrificaci√≥n en la aislada IslaChaull√≠n. Iniciativa, que incluy‚Ä¶",0.0,0.0,Neutral
494,": Subsecretario de Energ√≠a  inaugura proyecto de electrificaci√≥n en la aislada IslaChaull√≠n. Iniciativa, que incluy‚Ä¶",0.0,0.0,Neutral
495,": Subsecretario de Energ√≠a  inaugura proyecto de electrificaci√≥n en la aislada IslaChaull√≠n. Iniciativa, que incluy‚Ä¶",0.0,0.0,Neutral
496,": Subsecretario de Energ√≠a  inaugura proyecto de electrificaci√≥n en la aislada IslaChaull√≠n. Iniciativa, que incluy‚Ä¶",0.0,0.0,Neutral
497,": Subsecretario de Energ√≠a  inaugura proyecto de electrificaci√≥n en la aislada IslaChaull√≠n. Iniciativa, que incluy‚Ä¶",0.0,0.0,Neutral
498,: Lugares en Adjuntas urbano que gozan de energ√≠a solar. Las ‚≠êÔ∏è rojas marcan peque√±os negocios donde realizamos auditor√≠as‚Ä¶,0.0,0.0,Neutral
499,"Subsecretario de Energ√≠a  inaugura proyecto de electrificaci√≥n en la aislada IslaChaull√≠n. Iniciativa, que incluye energ√≠a solar, brindar√° electricidad 24/7 a las familias que habitan esta isla de forma parte del Archipi√©lago de Chilo√© üí°üëèüèºüíö

PrensaEnerg√≠a |  ",0.0,0.0,Neutral
